trade_id,epic,signal_type,entry_time,exit_time,entry_price,exit_price,position_size,pnl_pips,pnl_currency,duration_minutes,status
T000003,CS.D.USDJPY.MINI.IP,BEAR,2025-05-23 08:35:00,2025-05-23 08:40:00,143.346,143.3308,1333.33,1.5199999999992997,20.266615999990663,5,CLOSED_WIN
T000005,CS.D.USDJPY.MINI.IP,BEAR,2025-05-23 08:50:00,2025-05-23 08:55:00,143.343,143.32539999999997,1336.04,1.7600000000015825,23.514304000021145,5,CLOSED_WIN
T000001,CS.D.USDJPY.MINI.IP,BEAR,2025-05-23 08:10:00,2025-05-23 09:20:00,143.282,143.21560000000002,1333.33,6.639999999998736,88.53311199998313,70,CLOSED_WIN
T000006,CS.D.EURUSD.MINI.IP,BULL,2025-05-23 10:10:00,2025-05-23 11:10:00,1.13571,1.13421,135097.52,-15.000000000000568,-202.64628000000766,60,CLOSED_LOSS
T000002,CS.D.EURUSD.MINI.IP,BULL,2025-05-23 08:35:00,2025-05-23 11:20:00,1.13411,1.1369225,133333.33,28.125000000001066,374.9999906250142,165,CLOSED_WIN
T000004,CS.D.EURUSD.MINI.IP,BULL,2025-05-23 08:50:00,2025-05-23 11:20:00,1.13401,1.1368225,133603.55,28.125000000001066,375.75998437501426,150,CLOSED_WIN
T000008,CS.D.EURUSD.MINI.IP,BULL,2025-05-23 10:35:00,2025-05-23 11:40:00,1.13516,1.13366,135097.52,-15.000000000000568,-202.64628000000766,65,CLOSED_LOSS
T000009,CS.D.EURUSD.MINI.IP,BULL,2025-05-23 11:15:00,2025-05-23 11:40:00,1.13553,1.1340299999999999,132395.57,-15.000000000000568,-198.59335500000753,25,CLOSED_LOSS
T000007,CS.D.GBPUSD.MINI.IP,BULL,2025-05-23 10:10:00,2025-05-23 11:50:00,1.34996,1.3480100000000002,103921.17,-19.499999999998963,-202.64628149998924,100,CLOSED_LOSS
T000011,CS.D.USDJPY.MINI.IP,BEAR,2025-05-23 14:50:00,2025-05-23 15:20:00,142.67,142.82,1343.54,-15.000000000000568,-201.53100000000762,30,CLOSED_LOSS
T000012,CS.D.GBPUSD.MINI.IP,BULL,2025-05-23 15:20:00,2025-05-23 17:30:00,1.34976,1.3526916845602492,101282.16,29.316845602491703,296.9273447006861,130,CLOSED_WIN
T000010,CS.D.EURUSD.MINI.IP,BULL,2025-05-23 14:40:00,2025-05-23 17:45:00,1.1337899999999999,1.1365180365935834,134353.89,27.280365935835604,366.5223284103005,185,CLOSED_WIN
T000013,CS.D.EURUSD.MINI.IP,BULL,2025-05-23 15:30:00,2025-05-23 18:10:00,1.1340199999999998,1.136705225484864,131666.81,26.85225484864162,353.55507372276753,160,CLOSED_WIN
T000015,CS.D.USDJPY.MINI.IP,BEAR,2025-05-23 16:10:00,2025-05-23 18:20:00,142.661,142.41234545454546,1316.67,24.865454545454213,327.395980363632,130,CLOSED_WIN
T000019,CS.D.USDJPY.MINI.IP,BEAR,2025-05-23 18:55:00,2025-05-23 19:00:00,142.52,142.4696,1495.92,5.039999999999623,75.39436799999436,5,CLOSED_WIN
T000014,CS.D.EURUSD.MINI.IP,BULL,2025-05-23 16:10:00,2025-05-25 20:00:00,1.1351099999999998,1.1356,131666.81,4.900000000001015,64.51673690001336,3110,CLOSED_BE
T000016,CS.D.USDJPY.MINI.IP,BEAR,2025-05-23 17:30:00,2025-05-25 20:00:00,142.604,142.442,1356.26,16.200000000000614,219.71412000000834,3030,CLOSED_BE
T000017,CS.D.GBPUSD.MINI.IP,BULL,2025-05-23 18:00:00,2025-05-25 20:00:00,1.35356,1.35173,108086.77,-18.299999999999983,-197.79878909999985,3000,CLOSED_BE
T000018,CS.D.GBPUSD.MINI.IP,BULL,2025-05-23 18:25:00,2025-05-25 20:00:00,1.3535000000000001,1.35173,115070.89,-17.700000000000493,-203.67547530000567,2975,CLOSED_BE
T000020,CS.D.EURUSD.MINI.IP,BULL,2025-05-23 19:00:00,2025-05-25 20:00:00,1.13655,1.1356,150597.41,-9.500000000000064,-143.06753950000098,2940,CLOSED_BE
T000023,CS.D.USDJPY.MINI.IP,BEAR,2025-05-25 20:20:00,2025-05-25 20:40:00,142.521,142.4714,1471.27,4.959999999999809,72.97499199999719,20,CLOSED_WIN
T000021,CS.D.USDJPY.MINI.IP,BEAR,2025-05-25 20:00:00,2025-05-25 22:00:00,142.442,142.592,1471.27,-15.000000000000568,-220.69050000000837,120,CLOSED_LOSS
T000024,CS.D.USDJPY.MINI.IP,BEAR,2025-05-25 20:40:00,2025-05-25 22:00:00,142.433,142.583,1481.0,-15.000000000000568,-222.15000000000842,80,CLOSED_LOSS
T000026,CS.D.USDJPY.MINI.IP,BEAR,2025-05-25 21:15:00,2025-05-25 22:00:00,142.45,142.6,1481.0,-15.000000000000568,-222.15000000000842,45,CLOSED_LOSS
T000022,CS.D.EURUSD.MINI.IP,BULL,2025-05-25 20:05:00,2025-05-26 00:20:00,1.13651,1.1388748286855108,147126.6,23.648286855109113,347.92920408168965,255,CLOSED_WIN
T000025,CS.D.EURUSD.MINI.IP,BULL,2025-05-25 21:00:00,2025-05-26 00:20:00,1.13634,1.1387219548197243,148099.6,23.819548197243634,352.7665560192504,200,CLOSED_WIN
T000027,CS.D.EURUSD.MINI.IP,BULL,2025-05-26 00:00:00,2025-05-26 01:50:00,1.13832,1.1403822857142858,139233.06,20.622857142857942,287.13835059429687,110,CLOSED_WIN
T000028,CS.D.EURUSD.MINI.IP,BULL,2025-05-26 01:10:00,2025-05-26 01:50:00,1.13923,1.1405642857142857,148575.67,13.342857142857323,198.24239397143126,40,CLOSED_WIN
T000029,CS.D.EURUSD.MINI.IP,BULL,2025-05-26 01:35:00,2025-05-26 01:50:00,1.1399499999999998,1.1407082857142856,148575.67,7.582857142858224,112.66280805144464,15,CLOSED_WIN
T000031,CS.D.GBPUSD.MINI.IP,BULL,2025-05-26 02:45:00,2025-05-26 05:35:00,1.3593000000000002,1.3573500000000003,120422.76,-19.499999999998963,-234.82438199998748,170,CLOSED_LOSS
T000030,CS.D.EURUSD.MINI.IP,BULL,2025-05-26 02:40:00,2025-05-26 07:10:00,1.1412499999999999,1.1397499999999998,156549.58,-15.000000000000568,-234.82437000000888,270,CLOSED_LOSS
T000032,CS.D.EURUSD.MINI.IP,BULL,2025-05-26 03:45:00,2025-05-26 07:10:00,1.14096,1.13946,156549.58,-15.000000000000568,-234.82437000000888,205,CLOSED_LOSS
T000034,CS.D.EURUSD.MINI.IP,BULL,2025-05-26 04:15:00,2025-05-26 07:10:00,1.1410099999999999,1.1395099999999998,156549.58,-15.000000000000568,-234.82437000000888,175,CLOSED_LOSS
T000035,CS.D.GBPUSD.MINI.IP,BULL,2025-05-26 05:50:00,2025-05-26 07:10:00,1.3589200000000001,1.3569700000000002,118014.3,-19.499999999998963,-230.1278849999878,80,CLOSED_LOSS
T000033,CS.D.GBPUSD.MINI.IP,BULL,2025-05-26 04:10:00,2025-05-26 08:20:00,1.35796,1.3560100000000002,120422.76,-19.499999999998963,-234.82438199998748,250,CLOSED_LOSS
T000037,CS.D.USDJPY.MINI.IP,BULL,2025-05-26 08:45:00,2025-05-26 09:05:00,142.84099999999998,142.95365454545453,1378.26,11.265454545454645,155.2672538181832,20,CLOSED_WIN
T000036,CS.D.USDJPY.MINI.IP,BULL,2025-05-26 08:20:00,2025-05-26 09:20:00,142.868,142.95905454545453,1378.26,9.105454545453995,125.49683781817423,60,CLOSED_WIN
T000040,CS.D.USDJPY.MINI.IP,BULL,2025-05-26 10:50:00,2025-05-26 11:45:00,142.88299999999998,142.96205454545452,1415.7,7.905454545453949,111.91751999999155,55,CLOSED_WIN
T000042,CS.D.USDJPY.MINI.IP,BULL,2025-05-26 11:05:00,2025-05-26 11:55:00,142.899,142.96525454545454,1415.7,6.62545454545409,93.79655999999356,50,CLOSED_WIN
T000044,CS.D.USDJPY.MINI.IP,BULL,2025-05-26 12:15:00,2025-05-26 12:20:00,142.95399999999998,142.97625454545454,1443.13,2.2254545454558183,32.116202181836556,5,CLOSED_WIN
T000038,CS.D.EURUSD.MINI.IP,BEAR,2025-05-26 10:25:00,2025-05-26 18:30:00,1.13802,1.1382,141569.77,-1.80000000000069,-25.482558600009767,485,CLOSED_BE
T000039,CS.D.EURUSD.MINI.IP,BEAR,2025-05-26 10:40:00,2025-05-26 18:45:00,1.13814,1.13808,141569.77,0.5999999999994898,8.494186199992777,485,CLOSED_BE
T000041,CS.D.EURUSD.MINI.IP,BEAR,2025-05-26 11:05:00,2025-05-26 19:10:00,1.1382,1.13818,141569.77,0.20000000000131024,2.831395400018549,485,CLOSED_BE
T000043,CS.D.EURUSD.MINI.IP,BEAR,2025-05-26 12:10:00,2025-05-26 20:15:00,1.13783,1.13847,144312.63,-6.40000000000196,-92.36008320002828,485,CLOSED_BE
T000045,CS.D.EURUSD.MINI.IP,BEAR,2025-05-26 12:40:00,2025-05-26 20:45:00,1.13745,1.13868,144740.85,-12.299999999998423,-178.0312454999772,485,CLOSED_BE
T000047,CS.D.USDJPY.MINI.IP,BEAR,2025-05-26 18:50:00,2025-05-27 00:00:00,142.759,142.58874545454543,1445.14,17.025454545455432,246.04165381819465,310,CLOSED_WIN
T000050,CS.D.USDJPY.MINI.IP,BEAR,2025-05-26 22:55:00,2025-05-27 00:05:00,142.674,142.43574545454547,1409.47,23.825454545453795,335.81263418180765,70,CLOSED_WIN
T000049,CS.D.EURUSD.MINI.IP,BULL,2025-05-26 20:30:00,2025-05-27 01:05:00,1.13852,1.1404222857142858,143320.62,19.022857142858562,272.63676798859177,275,CLOSED_WIN
T000051,CS.D.EURUSD.MINI.IP,BULL,2025-05-27 00:00:00,2025-05-27 01:05:00,1.1392,1.1405582857142857,144227.42,13.582857142857563,195.9020441942918,65,CLOSED_WIN
T000046,CS.D.GBPUSD.MINI.IP,BULL,2025-05-26 18:50:00,2025-05-27 02:55:00,1.3563800000000001,1.35688,111164.87,4.999999999999449,55.58243499999387,485,CLOSED_BE
T000052,CS.D.USDJPY.MINI.IP,BEAR,2025-05-27 02:05:00,2025-05-27 03:00:00,142.268,142.418,1549.52,-15.000000000000568,-232.4280000000088,55,CLOSED_LOSS
T000048,CS.D.GBPUSD.MINI.IP,BULL,2025-05-26 19:25:00,2025-05-27 03:30:00,1.35636,1.35713,111193.91,7.699999999999374,85.61931069999304,485,CLOSED_BE
T000054,CS.D.GBPUSD.MINI.IP,BEAR,2025-05-27 05:45:00,2025-05-27 06:10:00,1.3547,1.35665,118258.28,-19.499999999998963,-230.60364599998772,25,CLOSED_LOSS
T000053,CS.D.EURUSD.MINI.IP,BEAR,2025-05-27 05:45:00,2025-05-27 06:15:00,1.13735,1.1388500000000001,153735.76,-15.000000000000568,-230.60364000000877,30,CLOSED_LOSS
T000055,CS.D.USDJPY.MINI.IP,BULL,2025-05-27 06:25:00,2025-05-27 06:50:00,143.167,143.3334,1475.86,16.64000000000101,245.58310400001488,25,CLOSED_WIN
T000056,CS.D.USDJPY.MINI.IP,BULL,2025-05-27 06:35:00,2025-05-27 06:50:00,143.15099999999998,143.3302,1475.86,17.92000000000087,264.47411200001284,15,CLOSED_WIN
T000057,CS.D.USDJPY.MINI.IP,BULL,2025-05-27 08:20:00,2025-05-27 09:45:00,143.739,144.02025,1543.87,28.125,434.2134375,85,CLOSED_WIN
T000059,CS.D.USDJPY.MINI.IP,BULL,2025-05-27 08:40:00,2025-05-27 09:45:00,143.72199999999998,144.00324999999998,1543.87,28.125,434.2134375,65,CLOSED_WIN
T000058,CS.D.EURUSD.MINI.IP,BEAR,2025-05-27 08:25:00,2025-05-27 12:20:00,1.13462,1.13612,154387.09,-15.000000000000568,-231.58063500000878,235,CLOSED_LOSS
T000060,CS.D.EURUSD.MINI.IP,BEAR,2025-05-27 08:50:00,2025-05-27 12:20:00,1.1347,1.1362,154387.09,-15.000000000000568,-231.58063500000878,210,CLOSED_LOSS
T000061,CS.D.GBPUSD.MINI.IP,BEAR,2025-05-27 08:50:00,2025-05-27 12:20:00,1.35364,1.3555899999999999,118759.3,-19.499999999998963,-231.5806349999877,210,CLOSED_LOSS
T000062,CS.D.EURUSD.MINI.IP,BEAR,2025-05-27 09:55:00,2025-05-27 12:20:00,1.13482,1.13632,165966.12,-15.000000000000568,-248.94918000000945,145,CLOSED_LOSS
T000063,CS.D.EURUSD.MINI.IP,BEAR,2025-05-27 10:30:00,2025-05-27 12:20:00,1.13449,1.13599,165966.12,-15.000000000000568,-248.94918000000945,110,CLOSED_LOSS
T000064,CS.D.USDJPY.MINI.IP,BULL,2025-05-27 12:30:00,2025-05-27 13:00:00,144.123,143.97299999999998,1500.64,-15.000000000000568,-225.09600000000856,30,CLOSED_LOSS
T000065,CS.D.USDJPY.MINI.IP,BULL,2025-05-27 12:45:00,2025-05-27 13:00:00,144.12699999999998,143.97699999999998,1500.64,-15.000000000000568,-225.09600000000856,15,CLOSED_LOSS
T000066,CS.D.GBPUSD.MINI.IP,BULL,2025-05-27 13:20:00,2025-05-27 13:45:00,1.35623,1.3542800000000002,110816.68,-19.499999999998963,-216.0925259999885,25,CLOSED_LOSS
T000067,CS.D.GBPUSD.MINI.IP,BEAR,2025-05-27 14:20:00,2025-05-27 14:30:00,1.35413,1.3532739090909092,108600.35,8.560909090908897,92.97177235908882,10,CLOSED_WIN
T000068,CS.D.USDJPY.MINI.IP,BULL,2025-05-27 15:15:00,2025-05-27 15:25:00,144.373,144.22299999999998,1424.2,-15.000000000000568,-213.6300000000081,10,CLOSED_LOSS
T000073,CS.D.USDJPY.MINI.IP,BULL,2025-05-27 16:35:00,2025-05-27 18:10:00,144.41199999999998,144.26199999999997,1395.72,-15.000000000000568,-209.35800000000793,95,CLOSED_LOSS
T000069,CS.D.USDJPY.MINI.IP,BULL,2025-05-27 15:30:00,2025-05-27 22:05:00,144.328,144.178,1395.72,-15.000000000000568,-209.35800000000793,395,CLOSED_LOSS
T000070,CS.D.GBPUSD.MINI.IP,BEAR,2025-05-27 16:15:00,2025-05-28 00:20:00,1.35025,1.35167,107362.83,-14.199999999999768,-152.45521859999752,485,CLOSED_BE
T000074,CS.D.EURUSD.MINI.IP,BEAR,2025-05-27 20:40:00,2025-05-28 00:25:00,1.13293,1.13443,136780.24,-15.000000000000568,-205.17036000000775,225,CLOSED_LOSS
T000071,CS.D.EURUSD.MINI.IP,BEAR,2025-05-27 16:35:00,2025-05-28 00:40:00,1.13304,1.13446,139571.68,-14.199999999999768,-198.19178559999676,485,CLOSED_BE
T000072,CS.D.GBPUSD.MINI.IP,BEAR,2025-05-27 16:35:00,2025-05-28 00:40:00,1.35068,1.35208,107362.83,-13.999999999998458,-150.30796199998346,485,CLOSED_BE
T000076,CS.D.GBPUSD.MINI.IP,BEAR,2025-05-29 00:40:00,2025-05-29 01:00:00,1.34298,1.3421429090909094,95825.99,8.370909090906764,80.21506508361408,20,CLOSED_WIN
T000078,CS.D.USDJPY.MINI.IP,BULL,2025-05-29 01:15:00,2025-05-29 01:25:00,146.017,145.867,1256.43,-15.000000000000568,-188.46450000000715,10,CLOSED_LOSS
T000075,CS.D.EURUSD.MINI.IP,BEAR,2025-05-29 00:40:00,2025-05-29 01:55:00,1.12377,1.12527,124573.79,-15.000000000000568,-186.86068500000707,75,CLOSED_LOSS
T000080,CS.D.USDJPY.MINI.IP,BULL,2025-05-29 02:05:00,2025-05-29 02:30:00,145.87,145.72,1206.39,-15.000000000000568,-180.9585000000069,25,CLOSED_LOSS
T000077,CS.D.GBPUSD.MINI.IP,BEAR,2025-05-29 00:55:00,2025-05-29 06:20:00,1.34278,1.34473,95825.99,-19.499999999998963,-186.86068049999008,325,CLOSED_LOSS
T000079,CS.D.GBPUSD.MINI.IP,BEAR,2025-05-29 01:30:00,2025-05-29 06:20:00,1.34278,1.34473,94715.74,-19.499999999998963,-184.69569299999017,290,CLOSED_LOSS
T000081,CS.D.GBPUSD.MINI.IP,BEAR,2025-05-29 06:00:00,2025-05-29 06:25:00,1.3432,1.3451499999999998,90943.24,-19.499999999998963,-177.33931799999058,25,CLOSED_LOSS
T000083,CS.D.USDJPY.MINI.IP,BEAR,2025-05-30 00:15:00,2025-05-30 00:30:00,143.716,143.866,1109.08,-15.000000000000568,-166.3620000000063,15,CLOSED_LOSS
T000082,CS.D.EURUSD.MINI.IP,BULL,2025-05-30 00:15:00,2025-05-30 00:50:00,1.13821,1.1367099999999999,110907.6,-15.000000000000568,-166.3614000000063,35,CLOSED_LOSS
T000084,CS.D.USDJPY.MINI.IP,BEAR,2025-05-30 00:50:00,2025-05-30 01:15:00,143.768,143.47522222222224,1064.71,29.277777777775782,311.7234277777565,25,CLOSED_WIN
T000089,CS.D.USDJPY.MINI.IP,BEAR,2025-05-30 04:50:00,2025-05-30 05:05:00,143.763,143.913,1106.28,-15.000000000000568,-165.9420000000063,15,CLOSED_LOSS
T000085,CS.D.GBPUSD.MINI.IP,BEAR,2025-05-30 03:25:00,2025-05-30 11:30:00,1.34743,1.34753,85098.15,-0.9999999999998899,-8.509814999999062,485,CLOSED_BE
T000086,CS.D.GBPUSD.MINI.IP,BEAR,2025-05-30 03:35:00,2025-05-30 11:40:00,1.34749,1.34723,85098.15,2.60000000000149,22.12551900001268,485,CLOSED_BE
T000087,CS.D.GBPUSD.MINI.IP,BEAR,2025-05-30 04:35:00,2025-05-30 12:30:00,1.34721,1.34916,85098.15,-19.499999999998963,-165.94139249999117,475,CLOSED_LOSS
T000088,CS.D.GBPUSD.MINI.IP,BEAR,2025-05-30 04:50:00,2025-05-30 12:30:00,1.34718,1.34913,85098.15,-19.499999999998963,-165.94139249999117,460,CLOSED_LOSS
T000090,CS.D.EURUSD.MINI.IP,BEAR,2025-05-30 06:00:00,2025-05-30 13:45:00,1.1344,1.1315936412062593,108415.04,28.06358793740804,304.25150087776103,465,CLOSED_WIN
T000091,CS.D.EURUSD.MINI.IP,BEAR,2025-05-30 14:15:00,2025-05-30 14:50:00,1.13263,1.13413,108228.17,-15.000000000000568,-162.34225500000616,35,CLOSED_LOSS
T000092,CS.D.EURUSD.MINI.IP,BEAR,2025-05-30 14:45:00,2025-05-30 14:50:00,1.13295,1.13445,108228.17,-15.000000000000568,-162.34225500000616,5,CLOSED_LOSS
T000093,CS.D.GBPUSD.MINI.IP,BEAR,2025-05-30 14:45:00,2025-05-30 14:55:00,1.34683,1.3487799999999999,83252.44,-19.499999999998963,-162.3422579999914,10,CLOSED_LOSS
T000094,CS.D.EURUSD.MINI.IP,BULL,2025-06-02 00:45:00,2025-06-02 05:45:00,1.1353799999999998,1.1379832079613725,101734.48,26.032079613727,264.8360082821117,300,CLOSED_WIN
T000095,CS.D.USDJPY.MINI.IP,BEAR,2025-06-02 05:20:00,2025-06-02 06:30:00,143.461,143.17291978329257,1017.34,28.80802167074421,293.0755276651492,70,CLOSED_WIN
T000096,CS.D.USDJPY.MINI.IP,BEAR,2025-06-02 06:55:00,2025-06-02 07:10:00,143.223,143.10940000000002,1091.73,11.359999999999104,124.02052799999024,15,CLOSED_WIN
T000100,CS.D.USDJPY.MINI.IP,BEAR,2025-06-02 08:35:00,2025-06-02 09:10:00,142.869,142.78674545454547,1108.27,8.225454545453204,91.16024509089422,35,CLOSED_WIN
T000098,CS.D.GBPUSD.MINI.IP,BULL,2025-06-02 08:20:00,2025-06-02 09:15:00,1.3551600000000001,1.355312090909091,85251.46,1.5209090909085177,12.965972052722387,55,CLOSED_WIN
T000103,CS.D.USDJPY.MINI.IP,BEAR,2025-06-02 09:30:00,2025-06-02 10:00:00,142.816,142.966,1122.15,-15.000000000000568,-168.3225000000064,30,CLOSED_LOSS
T000104,CS.D.USDJPY.MINI.IP,BEAR,2025-06-02 10:15:00,2025-06-02 10:20:00,142.875,142.79754545454546,1099.71,7.745454545454322,85.17753818181573,5,CLOSED_WIN
T000102,CS.D.GBPUSD.MINI.IP,BULL,2025-06-02 09:30:00,2025-06-02 10:30:00,1.3552700000000002,1.3533200000000003,86319.43,-19.499999999998963,-168.32288849999105,60,CLOSED_LOSS
T000105,CS.D.EURUSD.MINI.IP,BULL,2025-06-02 10:20:00,2025-06-02 10:35:00,1.14276,1.14126,111106.65,-15.000000000000568,-166.6599750000063,15,CLOSED_LOSS
T000106,CS.D.USDJPY.MINI.IP,BEAR,2025-06-02 10:40:00,2025-06-02 11:05:00,142.839,142.73274545454547,1066.4,10.625454545453294,113.30984727271395,25,CLOSED_WIN
T000107,CS.D.USDJPY.MINI.IP,BEAR,2025-06-02 11:05:00,2025-06-02 12:55:00,142.726,142.876,1081.51,-15.000000000000568,-162.22650000000613,110,CLOSED_LOSS
T000108,CS.D.USDJPY.MINI.IP,BEAR,2025-06-02 12:05:00,2025-06-02 12:55:00,142.723,142.87300000000002,1081.51,-15.000000000000568,-162.22650000000613,50,CLOSED_LOSS
T000097,CS.D.EURUSD.MINI.IP,BULL,2025-06-02 08:20:00,2025-06-02 13:25:00,1.14227,1.1407699999999998,110826.9,-15.000000000000568,-166.2403500000063,305,CLOSED_LOSS
T000099,CS.D.EURUSD.MINI.IP,BULL,2025-06-02 08:35:00,2025-06-02 13:25:00,1.14208,1.14058,110826.9,-15.000000000000568,-166.2403500000063,290,CLOSED_LOSS
T000101,CS.D.EURUSD.MINI.IP,BULL,2025-06-02 08:45:00,2025-06-02 13:25:00,1.14215,1.14065,110826.9,-15.000000000000568,-166.2403500000063,280,CLOSED_LOSS
T000110,CS.D.USDJPY.MINI.IP,BEAR,2025-06-02 15:15:00,2025-06-02 15:50:00,142.656,142.806,971.75,-15.000000000000568,-145.7625000000055,35,CLOSED_LOSS
T000109,CS.D.EURUSD.MINI.IP,BULL,2025-06-02 15:15:00,2025-06-02 16:05:00,1.14373,1.1422299999999999,97175.36,-15.000000000000568,-145.76304000000553,50,CLOSED_LOSS
T000111,CS.D.EURUSD.MINI.IP,BULL,2025-06-02 15:40:00,2025-06-02 16:05:00,1.1438,1.1422999999999999,97175.36,-15.000000000000568,-145.76304000000553,25,CLOSED_LOSS
T000112,CS.D.GBPUSD.MINI.IP,BULL,2025-06-02 15:40:00,2025-06-02 16:05:00,1.35559,1.3536400000000002,74750.28,-19.499999999998963,-145.76304599999224,25,CLOSED_LOSS
T000113,CS.D.GBPUSD.MINI.IP,BULL,2025-06-03 00:30:00,2025-06-03 01:25:00,1.3552600000000001,1.3533100000000002,68770.26,-19.499999999998963,-134.10200699999285,55,CLOSED_LOSS
T000114,CS.D.GBPUSD.MINI.IP,BULL,2025-06-03 00:40:00,2025-06-03 01:25:00,1.35512,1.3531700000000002,68770.26,-19.499999999998963,-134.10200699999285,45,CLOSED_LOSS
T000115,CS.D.USDJPY.MINI.IP,BULL,2025-06-03 02:35:00,2025-06-03 04:50:00,143.113,142.963,858.25,-15.000000000000568,-128.73750000000487,135,CLOSED_LOSS
T000116,CS.D.USDJPY.MINI.IP,BULL,2025-06-03 02:55:00,2025-06-03 04:50:00,143.10999999999999,142.95999999999998,858.25,-15.000000000000568,-128.73750000000487,115,CLOSED_LOSS
T000117,CS.D.USDJPY.MINI.IP,BULL,2025-06-03 03:30:00,2025-06-03 04:55:00,143.07999999999998,142.92999999999998,858.25,-15.000000000000568,-128.73750000000487,85,CLOSED_LOSS
T000119,CS.D.EURUSD.MINI.IP,BEAR,2025-06-03 04:30:00,2025-06-03 11:05:00,1.14194,1.1392745027830204,85825.28,26.654972169795066,228.7670449864869,395,CLOSED_WIN
T000118,CS.D.EURUSD.MINI.IP,BEAR,2025-06-03 04:00:00,2025-06-03 11:20:00,1.14179,1.1389326175170753,85825.28,28.57382482924775,245.23565166411404,440,CLOSED_WIN
T000120,CS.D.EURUSD.MINI.IP,BEAR,2025-06-03 11:50:00,2025-06-03 12:30:00,1.13908,1.1377217142857143,86995.82,13.582857142857563,118.1651795085751,40,CLOSED_WIN
T000122,CS.D.USDJPY.MINI.IP,BULL,2025-06-03 11:50:00,2025-06-03 12:30:00,143.106,143.3212,869.96,21.520000000001005,187.21539200000873,40,CLOSED_WIN
T000124,CS.D.GBPUSD.MINI.IP,BEAR,2025-06-03 12:05:00,2025-06-03 13:25:00,1.34964,1.3515899999999998,66919.86,-19.499999999998963,-130.49372699999304,80,CLOSED_LOSS
T000125,CS.D.GBPUSD.MINI.IP,BEAR,2025-06-03 12:30:00,2025-06-03 13:25:00,1.34953,1.3514799999999998,70051.97,-19.499999999998963,-136.60134149999274,55,CLOSED_LOSS
T000121,CS.D.GBPUSD.MINI.IP,BEAR,2025-06-03 11:50:00,2025-06-03 13:35:00,1.34972,1.35167,66919.86,-19.499999999998963,-130.49372699999304,105,CLOSED_LOSS
T000126,CS.D.USDJPY.MINI.IP,BULL,2025-06-03 13:15:00,2025-06-03 14:00:00,143.378,143.65925,910.68,28.125,256.12874999999997,45,CLOSED_WIN
T000123,CS.D.EURUSD.MINI.IP,BEAR,2025-06-03 12:05:00,2025-06-03 14:05:00,1.13858,1.136821714285714,86995.82,17.582857142859343,152.9635075085906,120,CLOSED_WIN
T000128,CS.D.EURUSD.MINI.IP,BEAR,2025-06-03 13:45:00,2025-06-03 14:05:00,1.13842,1.1365337142857141,85766.38,18.862857142858402,161.7798973600108,20,CLOSED_WIN
T000129,CS.D.USDJPY.MINI.IP,BULL,2025-06-03 14:45:00,2025-06-03 16:30:00,143.789,144.07025,933.78,28.125,262.625625,105,CLOSED_WIN
T000132,CS.D.USDJPY.MINI.IP,BULL,2025-06-03 16:10:00,2025-06-03 16:35:00,143.938,144.10277777777776,933.78,16.47777777777719,153.86619333332786,25,CLOSED_WIN
T000127,CS.D.EURUSD.MINI.IP,BEAR,2025-06-03 13:25:00,2025-06-03 21:30:00,1.13827,1.1372,87506.29,10.699999999999044,93.63173029999163,485,CLOSED_BE
T000130,CS.D.GBPUSD.MINI.IP,BULL,2025-06-03 15:35:00,2025-06-03 23:40:00,1.3524900000000002,1.35294,71829.24,4.499999999998394,32.32315799998847,485,CLOSED_BE
T000133,CS.D.EURUSD.MINI.IP,BEAR,2025-06-03 16:55:00,2025-06-04 00:00:00,1.13732,1.1388200000000002,98931.23,-15.000000000000568,-148.3968450000056,425,CLOSED_LOSS
T000131,CS.D.GBPUSD.MINI.IP,BULL,2025-06-03 16:00:00,2025-06-04 00:05:00,1.35246,1.35272,71829.24,2.5999999999992696,18.675602399994755,485,CLOSED_BE
T000134,CS.D.EURUSD.MINI.IP,BEAR,2025-06-03 17:05:00,2025-06-04 01:10:00,1.13741,1.13792,98931.23,-5.1000000000001044,-50.45492730000103,485,CLOSED_BE
T000138,CS.D.GBPUSD.MINI.IP,BULL,2025-06-04 02:00:00,2025-06-04 03:30:00,1.35385,1.3519,75544.83,-19.499999999998963,-147.31241849999216,90,CLOSED_LOSS
T000139,CS.D.USDJPY.MINI.IP,BULL,2025-06-04 02:55:00,2025-06-04 03:45:00,143.934,144.10197777777776,982.08,16.797777777776446,164.96761599998692,50,CLOSED_WIN
T000136,CS.D.GBPUSD.MINI.IP,BULL,2025-06-04 00:35:00,2025-06-04 04:50:00,1.3531300000000002,1.3511800000000003,76062.32,-19.499999999998963,-148.32152399999214,255,CLOSED_LOSS
T000135,CS.D.GBPUSD.MINI.IP,BULL,2025-06-04 00:15:00,2025-06-04 04:55:00,1.3530000000000002,1.3510500000000003,76062.32,-19.499999999998963,-148.32152399999214,280,CLOSED_LOSS
T000137,CS.D.GBPUSD.MINI.IP,BULL,2025-06-04 00:50:00,2025-06-04 04:55:00,1.35301,1.3510600000000001,76062.32,-19.499999999998963,-148.32152399999214,245,CLOSED_LOSS
T000140,CS.D.EURUSD.MINI.IP,BEAR,2025-06-04 04:30:00,2025-06-04 07:20:00,1.13735,1.1388500000000001,98443.68,-15.000000000000568,-147.66552000000559,170,CLOSED_LOSS
T000141,CS.D.GBPUSD.MINI.IP,BEAR,2025-06-04 04:30:00,2025-06-04 07:35:00,1.35202,1.35397,75725.91,-19.499999999998963,-147.66552449999216,185,CLOSED_LOSS
T000143,CS.D.USDJPY.MINI.IP,BEAR,2025-06-05 00:10:00,2025-06-05 00:35:00,142.633,142.78300000000002,885.73,-15.000000000000568,-132.85950000000503,25,CLOSED_LOSS
T000146,CS.D.USDJPY.MINI.IP,BEAR,2025-06-05 00:20:00,2025-06-05 00:40:00,142.68,142.83,885.73,-15.000000000000568,-132.85950000000503,20,CLOSED_LOSS
T000142,CS.D.EURUSD.MINI.IP,BULL,2025-06-05 00:10:00,2025-06-05 02:05:00,1.14269,1.14119,88573.07,-15.000000000000568,-132.85960500000505,115,CLOSED_LOSS
T000144,CS.D.EURUSD.MINI.IP,BULL,2025-06-05 00:20:00,2025-06-05 02:15:00,1.14251,1.1410099999999999,88573.07,-15.000000000000568,-132.85960500000505,115,CLOSED_LOSS
T000145,CS.D.GBPUSD.MINI.IP,BULL,2025-06-05 00:20:00,2025-06-05 08:25:00,1.35559,1.35664,68133.13,10.499999999999954,71.53978649999969,485,CLOSED_BE
T000147,CS.D.GBPUSD.MINI.IP,BULL,2025-06-05 00:40:00,2025-06-05 08:45:00,1.35548,1.35642,65407.81,9.399999999999409,61.483341399996135,485,CLOSED_BE
T000150,CS.D.USDJPY.MINI.IP,BULL,2025-06-05 08:45:00,2025-06-05 09:15:00,143.327,143.177,832.61,-15.000000000000568,-124.89150000000474,30,CLOSED_LOSS
T000148,CS.D.GBPUSD.MINI.IP,BULL,2025-06-05 08:25:00,2025-06-05 13:20:00,1.3567900000000002,1.3603,63416.23,35.09999999999902,222.5909672999938,295,CLOSED_WIN
T000149,CS.D.GBPUSD.MINI.IP,BULL,2025-06-05 08:35:00,2025-06-05 13:20:00,1.35678,1.3602084189042314,63416.23,34.284189042312896,217.41740176707944,285,CLOSED_WIN
T000151,CS.D.GBPUSD.MINI.IP,BULL,2025-06-05 08:50:00,2025-06-05 13:20:00,1.35687,1.3601861714132204,64046.83,33.16171413220381,212.39026675338553,270,CLOSED_WIN
T000152,CS.D.GBPUSD.MINI.IP,BULL,2025-06-05 09:05:00,2025-06-05 13:20:00,1.3567900000000002,1.360031093074487,64046.83,32.41093074486834,207.58173715583558,255,CLOSED_WIN
T000154,CS.D.EURUSD.MINI.IP,BULL,2025-06-05 14:30:00,2025-06-05 14:40:00,1.1480199999999998,1.1465199999999998,93062.06,-15.000000000000568,-139.59309000000528,10,CLOSED_LOSS
T000153,CS.D.EURUSD.MINI.IP,BULL,2025-06-05 14:05:00,2025-06-05 14:45:00,1.14763,1.1461299999999999,93062.06,-15.000000000000568,-139.59309000000528,40,CLOSED_LOSS
T000155,CS.D.GBPUSD.MINI.IP,BULL,2025-06-05 14:30:00,2025-06-05 15:05:00,1.36019,1.3582400000000001,71586.2,-19.499999999998963,-139.59308999999257,35,CLOSED_LOSS
T000156,CS.D.GBPUSD.MINI.IP,BULL,2025-06-05 14:40:00,2025-06-05 15:45:00,1.3599,1.3579500000000002,70154.47,-19.499999999998963,-136.80121649999273,65,CLOSED_LOSS
T000157,CS.D.EURUSD.MINI.IP,BULL,2025-06-05 19:20:00,2025-06-06 03:25:00,1.1444999999999999,1.14401,85654.32,-4.899999999998794,-41.97061679998968,485,CLOSED_BE
T000158,CS.D.EURUSD.MINI.IP,BULL,2025-06-05 20:50:00,2025-06-06 04:55:00,1.14451,1.14395,85654.32,-5.599999999998939,-47.96641919999092,485,CLOSED_BE
T000159,CS.D.GBPUSD.MINI.IP,BEAR,2025-06-05 20:55:00,2025-06-06 05:00:00,1.35661,1.35728,65887.94,-6.699999999999484,-44.14491979999661,485,CLOSED_BE
T000160,CS.D.EURUSD.MINI.IP,BULL,2025-06-05 21:00:00,2025-06-06 05:05:00,1.14471,1.14384,85654.32,-8.699999999999264,-74.5192583999937,485,CLOSED_BE
T000161,CS.D.EURUSD.MINI.IP,BULL,2025-06-05 21:15:00,2025-06-06 05:20:00,1.1447399999999999,1.1432399999999998,85654.32,-15.000000000000568,-128.4814800000049,485,CLOSED_LOSS
T000162,CS.D.USDJPY.MINI.IP,BULL,2025-06-06 03:30:00,2025-06-06 06:20:00,143.792,144.03399596830303,850.95,24.199596830302994,205.92646922746334,170,CLOSED_WIN
T000166,CS.D.USDJPY.MINI.IP,BULL,2025-06-06 06:10:00,2025-06-06 06:35:00,143.969,144.10897777777777,811.6,13.997777777777287,113.60596444444046,25,CLOSED_WIN
T000167,CS.D.GBPUSD.MINI.IP,BEAR,2025-06-06 06:55:00,2025-06-06 07:00:00,1.35498,1.3548039090909092,65707.93,1.7609090909087577,11.570569128179628,5,CLOSED_WIN
T000168,CS.D.USDJPY.MINI.IP,BULL,2025-06-06 06:55:00,2025-06-06 07:00:00,144.033,144.12177777777777,854.2,8.877777777777851,75.8339777777784,5,CLOSED_WIN
T000163,CS.D.EURUSD.MINI.IP,BEAR,2025-06-06 05:00:00,2025-06-06 08:45:00,1.14385,1.1413098113563667,83866.56,25.401886436333676,213.03688329259646,225,CLOSED_WIN
T000170,CS.D.GBPUSD.MINI.IP,BEAR,2025-06-06 07:25:00,2025-06-06 09:00:00,1.35421,1.3534179090909089,66604.39,7.920909090910477,52.75673182455469,95,CLOSED_WIN
T000172,CS.D.GBPUSD.MINI.IP,BEAR,2025-06-06 09:45:00,2025-06-06 11:40:00,1.35351,1.3554599999999999,69330.48,-19.499999999998963,-135.1944359999928,115,CLOSED_LOSS
T000165,CS.D.EURUSD.MINI.IP,BEAR,2025-06-06 06:10:00,2025-06-06 12:10:00,1.14335,1.140546192708899,81159.88,28.038072911011902,227.5566632888977,360,CLOSED_WIN
T000164,CS.D.GBPUSD.MINI.IP,BEAR,2025-06-06 06:00:00,2025-06-06 12:30:00,1.35645,1.3527512670052089,62430.68,36.98732994791065,230.91441600324265,390,CLOSED_WIN
T000169,CS.D.EURUSD.MINI.IP,BEAR,2025-06-06 07:00:00,2025-06-06 12:30:00,1.14261,1.139775110690587,86585.71,28.348893094130023,245.4609036269345,330,CLOSED_WIN
T000171,CS.D.GBPUSD.MINI.IP,BEAR,2025-06-06 09:30:00,2025-06-06 12:30:00,1.35364,1.3555899999999999,69330.48,-19.499999999998963,-135.1944359999928,180,CLOSED_LOSS
T000174,CS.D.GBPUSD.MINI.IP,BEAR,2025-06-06 13:55:00,2025-06-06 14:20:00,1.3521,1.35405,73777.08,-19.499999999998963,-143.86530599999236,25,CLOSED_LOSS
T000173,CS.D.GBPUSD.MINI.IP,BEAR,2025-06-06 12:35:00,2025-06-06 14:25:00,1.35262,1.3545699999999998,73777.08,-19.499999999998963,-143.86530599999236,110,CLOSED_LOSS
T000175,CS.D.USDJPY.MINI.IP,BULL,2025-06-06 14:15:00,2025-06-06 14:25:00,144.902,144.75199999999998,959.1,-15.000000000000568,-143.86500000000547,10,CLOSED_LOSS
T000176,CS.D.USDJPY.MINI.IP,BULL,2025-06-06 14:40:00,2025-06-06 15:05:00,144.83499999999998,145.0346487804878,901.56,19.964878048781998,179.99535453659897,25,CLOSED_WIN
T000181,CS.D.USDJPY.MINI.IP,BULL,2025-06-06 16:50:00,2025-06-06 19:00:00,144.95399999999998,144.80399999999997,925.56,-15.000000000000568,-138.83400000000526,130,CLOSED_LOSS
T000177,CS.D.USDJPY.MINI.IP,BULL,2025-06-06 15:55:00,2025-06-08 20:00:00,144.884,144.825,925.56,-5.89999999999975,-54.60803999999768,3125,CLOSED_BE
T000178,CS.D.USDJPY.MINI.IP,BULL,2025-06-06 16:20:00,2025-06-08 20:00:00,144.88299999999998,144.825,925.56,-5.799999999999272,-53.68247999999326,3100,CLOSED_BE
T000179,CS.D.EURUSD.MINI.IP,BEAR,2025-06-06 16:50:00,2025-06-08 20:00:00,1.13894,1.13952,92555.53,-5.800000000000249,-53.68220740000231,3070,CLOSED_BE
T000180,CS.D.GBPUSD.MINI.IP,BEAR,2025-06-06 16:50:00,2025-06-08 20:00:00,1.35212,1.35187,71196.56,2.500000000000835,17.799140000005945,3070,CLOSED_BE
T000183,CS.D.USDJPY.MINI.IP,BULL,2025-06-08 20:10:00,2025-06-08 22:30:00,144.838,144.688,887.82,-15.000000000000568,-133.17300000000506,140,CLOSED_LOSS
T000184,CS.D.USDJPY.MINI.IP,BULL,2025-06-08 20:10:00,2025-06-08 22:30:00,144.838,144.688,887.82,-15.000000000000568,-133.17300000000506,140,CLOSED_LOSS
T000182,CS.D.EURUSD.MINI.IP,BEAR,2025-06-08 20:05:00,2025-06-08 22:55:00,1.13915,1.1406500000000002,88782.09,-15.000000000000568,-133.17313500000506,170,CLOSED_LOSS
T000185,CS.D.EURUSD.MINI.IP,BEAR,2025-06-08 20:45:00,2025-06-08 23:00:00,1.1392,1.1407,88782.09,-15.000000000000568,-133.17313500000506,135,CLOSED_LOSS
T000186,CS.D.GBPUSD.MINI.IP,BEAR,2025-06-08 20:55:00,2025-06-08 23:20:00,1.35178,1.3537299999999999,68293.92,-19.499999999998963,-133.17314399999293,145,CLOSED_LOSS
T000187,CS.D.EURUSD.MINI.IP,BULL,2025-06-09 00:00:00,2025-06-09 00:55:00,1.14092,1.1394199999999999,79903.89,-15.000000000000568,-119.85583500000455,55,CLOSED_LOSS
T000189,CS.D.USDJPY.MINI.IP,BULL,2025-06-09 00:40:00,2025-06-09 01:20:00,144.779,144.629,799.04,-15.000000000000568,-119.85600000000454,40,CLOSED_LOSS
T000188,CS.D.GBPUSD.MINI.IP,BEAR,2025-06-09 00:40:00,2025-06-09 01:45:00,1.35327,1.3552199999999999,61464.53,-19.499999999998963,-119.85583349999362,65,CLOSED_LOSS
T000190,CS.D.GBPUSD.MINI.IP,BEAR,2025-06-09 00:55:00,2025-06-09 01:45:00,1.35306,1.3550099999999998,60235.24,-19.499999999998963,-117.45871799999375,50,CLOSED_LOSS
T000191,CS.D.USDJPY.MINI.IP,BEAR,2025-06-09 02:40:00,2025-06-09 07:40:00,144.442,144.16075,735.44,28.125,206.84250000000003,300,CLOSED_WIN
T000193,CS.D.USDJPY.MINI.IP,BEAR,2025-06-09 03:00:00,2025-06-09 07:40:00,144.412,144.1306624891962,735.44,28.133751080380875,206.90685894555313,280,CLOSED_WIN
T000192,CS.D.GBPUSD.MINI.IP,BULL,2025-06-09 03:00:00,2025-06-09 11:05:00,1.35595,1.35615,56571.95,1.9999999999997797,11.314389999998754,485,CLOSED_BE
T000194,CS.D.EURUSD.MINI.IP,BULL,2025-06-09 03:10:00,2025-06-09 11:15:00,1.14215,1.14185,73543.54,-2.9999999999996696,-22.06306199999757,485,CLOSED_BE
T000195,CS.D.GBPUSD.MINI.IP,BULL,2025-06-09 03:10:00,2025-06-09 11:15:00,1.35616,1.35561,56571.95,-5.5000000000005045,-31.114572500002854,485,CLOSED_BE
T000197,CS.D.EURUSD.MINI.IP,BULL,2025-06-09 08:05:00,2025-06-09 11:30:00,1.1424999999999998,1.1409999999999998,79060.2,-15.000000000000568,-118.59030000000449,205,CLOSED_LOSS
T000196,CS.D.GBPUSD.MINI.IP,BULL,2025-06-09 08:00:00,2025-06-09 12:05:00,1.35668,1.3547300000000002,60815.53,-19.499999999998963,-118.5902834999937,245,CLOSED_LOSS
T000200,CS.D.USDJPY.MINI.IP,BULL,2025-06-09 13:35:00,2025-06-09 14:15:00,144.677,144.527,753.4,-15.000000000000568,-113.01000000000428,40,CLOSED_LOSS
T000203,CS.D.USDJPY.MINI.IP,BULL,2025-06-09 14:30:00,2025-06-09 14:45:00,144.72799999999998,144.57799999999997,738.33,-15.000000000000568,-110.7495000000042,15,CLOSED_LOSS
T000199,CS.D.EURUSD.MINI.IP,BEAR,2025-06-09 13:35:00,2025-06-09 15:00:00,1.13959,1.1410900000000002,75339.61,-15.000000000000568,-113.0094150000043,85,CLOSED_LOSS
T000202,CS.D.EURUSD.MINI.IP,BEAR,2025-06-09 14:30:00,2025-06-09 15:00:00,1.13973,1.14123,73832.81,-15.000000000000568,-110.7492150000042,30,CLOSED_LOSS
T000201,CS.D.GBPUSD.MINI.IP,BEAR,2025-06-09 14:25:00,2025-06-09 15:30:00,1.35375,1.3557,56794.47,-19.499999999998963,-110.74921649999412,65,CLOSED_LOSS
T000198,CS.D.USDJPY.MINI.IP,BULL,2025-06-09 12:35:00,2025-06-09 15:45:00,144.495,144.345,753.4,-15.000000000000568,-113.01000000000428,190,CLOSED_LOSS
T000205,CS.D.EURUSD.MINI.IP,BULL,2025-06-10 01:00:00,2025-06-10 01:25:00,1.14275,1.1412499999999999,66389.25,-15.000000000000568,-99.58387500000379,25,CLOSED_LOSS
T000204,CS.D.GBPUSD.MINI.IP,BULL,2025-06-10 00:05:00,2025-06-10 01:35:00,1.35572,1.3537700000000001,51068.65,-19.499999999998963,-99.5838674999947,90,CLOSED_LOSS
T000206,CS.D.GBPUSD.MINI.IP,BULL,2025-06-10 01:00:00,2025-06-10 01:35:00,1.3559,1.3539500000000002,51068.65,-19.499999999998963,-99.5838674999947,35,CLOSED_LOSS
T000210,CS.D.EURUSD.MINI.IP,BEAR,2025-06-10 03:35:00,2025-06-10 04:30:00,1.1399,1.139197714285714,62405.89,7.022857142859884,43.826765034302824,55,CLOSED_WIN
T000211,CS.D.EURUSD.MINI.IP,BEAR,2025-06-10 03:45:00,2025-06-10 04:30:00,1.1399,1.139197714285714,62405.89,7.022857142859884,43.826765034302824,45,CLOSED_WIN
T000212,CS.D.USDJPY.MINI.IP,BULL,2025-06-10 04:55:00,2025-06-10 05:15:00,144.94299999999998,144.79299999999998,635.75,-15.000000000000568,-95.3625000000036,20,CLOSED_LOSS
T000213,CS.D.USDJPY.MINI.IP,BULL,2025-06-10 05:05:00,2025-06-10 05:15:00,144.909,144.759,635.75,-15.000000000000568,-95.3625000000036,10,CLOSED_LOSS
T000207,CS.D.EURUSD.MINI.IP,BEAR,2025-06-10 02:40:00,2025-06-10 05:20:00,1.13931,1.14081,62405.89,-15.000000000000568,-93.60883500000355,160,CLOSED_LOSS
T000208,CS.D.EURUSD.MINI.IP,BEAR,2025-06-10 03:00:00,2025-06-10 05:20:00,1.13925,1.1407500000000002,62405.89,-15.000000000000568,-93.60883500000355,140,CLOSED_LOSS
T000209,CS.D.GBPUSD.MINI.IP,BEAR,2025-06-10 03:00:00,2025-06-10 06:30:00,1.35326,1.351707909090909,48004.53,15.520909090909196,74.50739460818232,210,CLOSED_WIN
T000214,CS.D.EURUSD.MINI.IP,BULL,2025-06-11 00:15:00,2025-06-11 01:00:00,1.14346,1.1419599999999999,59528.8,-15.000000000000568,-89.2932000000034,45,CLOSED_LOSS
T000215,CS.D.USDJPY.MINI.IP,BULL,2025-06-11 01:10:00,2025-06-11 02:00:00,144.969,145.0614487804878,583.38,9.244878048781402,53.932769560980944,50,CLOSED_WIN
T000216,CS.D.USDJPY.MINI.IP,BULL,2025-06-11 01:35:00,2025-06-11 02:00:00,144.92399999999998,145.0524487804878,583.38,12.844878048781538,74.93444956098173,25,CLOSED_WIN
T000220,CS.D.USDJPY.MINI.IP,BULL,2025-06-11 03:45:00,2025-06-11 04:00:00,144.994,145.0664487804878,600.56,7.244878048780379,43.50983960975544,15,CLOSED_WIN
T000221,CS.D.USDJPY.MINI.IP,BULL,2025-06-11 03:55:00,2025-06-11 04:00:00,145.01399999999998,145.0704487804878,600.56,5.6448780487812655,33.900879609760764,5,CLOSED_WIN
T000219,CS.D.USDJPY.MINI.IP,BULL,2025-06-11 03:20:00,2025-06-11 04:25:00,145.042,144.892,600.56,-15.000000000000568,-90.0840000000034,65,CLOSED_LOSS
T000222,CS.D.EURUSD.MINI.IP,BEAR,2025-06-11 04:00:00,2025-06-11 08:05:00,1.14129,1.14279,61088.6,-15.000000000000568,-91.63290000000347,245,CLOSED_LOSS
T000217,CS.D.EURUSD.MINI.IP,BEAR,2025-06-11 02:55:00,2025-06-11 08:35:00,1.1415,1.143,60056.45,-15.000000000000568,-90.08467500000341,340,CLOSED_LOSS
T000224,CS.D.EURUSD.MINI.IP,BEAR,2025-06-11 04:30:00,2025-06-11 08:35:00,1.14145,1.1429500000000001,59887.48,-15.000000000000568,-89.83122000000341,245,CLOSED_LOSS
T000218,CS.D.GBPUSD.MINI.IP,BEAR,2025-06-11 02:55:00,2025-06-11 09:30:00,1.34797,1.3499199999999998,46197.27,-19.499999999998963,-90.08467649999521,395,CLOSED_LOSS
T000223,CS.D.GBPUSD.MINI.IP,BEAR,2025-06-11 04:00:00,2025-06-11 09:30:00,1.34789,1.34984,46991.23,-19.499999999998963,-91.63289849999512,330,CLOSED_LOSS
T000225,CS.D.GBPUSD.MINI.IP,BULL,2025-06-11 10:05:00,2025-06-11 12:30:00,1.35003,1.35354,41418.4,35.09999999999902,145.37858399999595,145,CLOSED_WIN
T000226,CS.D.EURUSD.MINI.IP,BULL,2025-06-11 10:20:00,2025-06-11 12:30:00,1.1438499999999998,1.1465643476328748,53843.93,27.14347632875036,146.15114394018914,130,CLOSED_WIN
T000227,CS.D.GBPUSD.MINI.IP,BULL,2025-06-11 10:20:00,2025-06-11 12:30:00,1.35,1.353387220688155,41418.4,33.872206881548905,140.29326135027452,130,CLOSED_WIN
T000228,CS.D.EURUSD.MINI.IP,BULL,2025-06-11 10:30:00,2025-06-11 12:30:00,1.1437799999999998,1.1464052194819738,53843.93,26.252194819740282,141.35213402204585,120,CLOSED_WIN
T000229,CS.D.GBPUSD.MINI.IP,BULL,2025-06-11 10:30:00,2025-06-11 12:30:00,1.34996,1.3532203391721098,41418.4,32.60339172109772,135.0380319661114,120,CLOSED_WIN
T000230,CS.D.EURUSD.MINI.IP,BULL,2025-06-11 12:30:00,2025-06-11 12:50:00,1.1477199999999999,1.1462199999999998,63286.77,-15.000000000000568,-94.9301550000036,20,CLOSED_LOSS
T000233,CS.D.USDJPY.MINI.IP,BEAR,2025-06-11 13:05:00,2025-06-11 13:25:00,144.733,144.883,620.21,-15.000000000000568,-93.03150000000353,20,CLOSED_LOSS
T000232,CS.D.GBPUSD.MINI.IP,BULL,2025-06-11 13:05:00,2025-06-11 13:45:00,1.3521500000000002,1.3502000000000003,47708.49,-19.499999999998963,-93.03155549999505,40,CLOSED_LOSS
T000236,CS.D.GBPUSD.MINI.IP,BULL,2025-06-11 13:50:00,2025-06-11 15:30:00,1.35163,1.354606090909091,45800.15,29.760909090907894,136.30541004999452,100,CLOSED_WIN
T000231,CS.D.EURUSD.MINI.IP,BULL,2025-06-11 13:05:00,2025-06-11 16:30:00,1.1463299999999998,1.1492008916573346,62021.03,28.708916573347842,178.05565760631038,205,CLOSED_WIN
T000234,CS.D.EURUSD.MINI.IP,BULL,2025-06-11 13:35:00,2025-06-11 16:30:00,1.1464599999999998,1.1492725,60780.61,28.125000000001066,170.94546562500648,175,CLOSED_WIN
T000235,CS.D.EURUSD.MINI.IP,BULL,2025-06-11 13:45:00,2025-06-11 16:30:00,1.14651,1.1493225,59540.19,28.125000000001066,167.45678437500635,165,CLOSED_WIN
T000239,CS.D.GBPUSD.MINI.IP,BULL,2025-06-11 16:30:00,2025-06-11 17:00:00,1.35521,1.355322090909091,52495.16,1.120909090910338,5.884230207279275,30,CLOSED_WIN
T000240,CS.D.EURUSD.MINI.IP,BULL,2025-06-11 17:00:00,2025-06-11 19:55:00,1.1496,1.1481,68322.16,-15.000000000000568,-102.48324000000389,175,CLOSED_LOSS
T000238,CS.D.USDJPY.MINI.IP,BEAR,2025-06-11 16:15:00,2025-06-11 20:05:00,144.507,144.657,613.58,-15.000000000000568,-92.0370000000035,230,CLOSED_LOSS
T000242,CS.D.USDJPY.MINI.IP,BEAR,2025-06-11 17:00:00,2025-06-11 22:50:00,144.557,144.2764554465325,683.22,28.054455346747886,191.6736498200509,350,CLOSED_WIN
T000237,CS.D.EURUSD.MINI.IP,BULL,2025-06-11 15:05:00,2025-06-11 22:55:00,1.1479599999999999,1.1507725,59540.19,28.125000000001066,167.45678437500635,470,CLOSED_WIN
T000243,CS.D.USDJPY.MINI.IP,BEAR,2025-06-11 21:30:00,2025-06-11 22:55:00,144.49,144.21439976239213,657.29,27.560023760787544,181.14928017728045,85,CLOSED_WIN
T000246,CS.D.USDJPY.MINI.IP,BEAR,2025-06-11 23:55:00,2025-06-12 00:10:00,144.181,144.33100000000002,729.32,-15.000000000000568,-109.39800000000416,15,CLOSED_LOSS
T000244,CS.D.USDJPY.MINI.IP,BEAR,2025-06-11 22:00:00,2025-06-12 00:45:00,144.358,144.043,657.29,31.499999999999773,207.04634999999848,165,CLOSED_WIN
T000247,CS.D.EURUSD.MINI.IP,BULL,2025-06-12 00:20:00,2025-06-12 00:50:00,1.1508099999999999,1.1524911428571427,71473.65,16.811428571428255,120.1574161714263,30,CLOSED_WIN
T000241,CS.D.GBPUSD.MINI.IP,BULL,2025-06-11 17:00:00,2025-06-12 01:05:00,1.3554700000000002,1.35818,52555.51,27.09999999999768,142.42543209998783,485,CLOSED_BE
T000249,CS.D.USDJPY.MINI.IP,BEAR,2025-06-12 02:25:00,2025-06-12 05:40:00,143.948,143.79922222222226,777.35,14.877777777775236,115.65240555553581,195,CLOSED_WIN
T000250,CS.D.USDJPY.MINI.IP,BEAR,2025-06-12 02:55:00,2025-06-12 05:40:00,143.954,143.81002222222224,777.35,14.397777777776355,111.9211255555445,165,CLOSED_WIN
T000251,CS.D.USDJPY.MINI.IP,BEAR,2025-06-12 03:25:00,2025-06-12 05:40:00,143.937,143.77942222222225,777.35,15.757777777776028,122.49308555554195,135,CLOSED_WIN
T000252,CS.D.GBPUSD.MINI.IP,BULL,2025-06-12 05:55:00,2025-06-12 06:00:00,1.35881,1.3568600000000002,63386.86,-19.499999999998963,-123.60437699999342,5,CLOSED_LOSS
T000255,CS.D.USDJPY.MINI.IP,BEAR,2025-06-12 06:50:00,2025-06-12 07:05:00,143.713,143.863,807.55,-15.000000000000568,-121.13250000000458,15,CLOSED_LOSS
T000245,CS.D.GBPUSD.MINI.IP,BULL,2025-06-11 23:55:00,2025-06-12 07:10:00,1.35688,1.3549300000000002,56101.76,-19.499999999998963,-109.39843199999419,435,CLOSED_LOSS
T000248,CS.D.GBPUSD.MINI.IP,BULL,2025-06-12 00:20:00,2025-06-12 07:10:00,1.3569,1.35495,54979.73,-19.499999999998963,-107.21047349999431,410,CLOSED_LOSS
T000253,CS.D.USDJPY.MINI.IP,BEAR,2025-06-12 06:20:00,2025-06-12 07:15:00,143.816,143.966,807.55,-15.000000000000568,-121.13250000000458,55,CLOSED_LOSS
T000254,CS.D.EURUSD.MINI.IP,BULL,2025-06-12 06:30:00,2025-06-12 07:40:00,1.1522,1.1506999999999998,80754.87,-15.000000000000568,-121.1323050000046,70,CLOSED_LOSS
T000256,CS.D.USDJPY.MINI.IP,BEAR,2025-06-12 08:40:00,2025-06-12 09:50:00,143.835,143.59582222222224,730.21,23.917777777776905,174.65000511110475,70,CLOSED_WIN
T000257,CS.D.USDJPY.MINI.IP,BEAR,2025-06-12 09:05:00,2025-06-12 10:25:00,143.807,143.54542222222221,730.21,26.15777777777737,191.00670911110814,80,CLOSED_WIN
T000258,CS.D.USDJPY.MINI.IP,BEAR,2025-06-12 09:45:00,2025-06-12 11:00:00,143.692,143.41075,730.21,28.125,205.3715625,75,CLOSED_WIN
T000260,CS.D.USDJPY.MINI.IP,BEAR,2025-06-12 10:10:00,2025-06-12 11:00:00,143.695,143.40913410301954,753.5,28.586589698045373,215.39995337477188,50,CLOSED_WIN
T000263,CS.D.EURUSD.MINI.IP,BULL,2025-06-12 11:30:00,2025-06-12 12:30:00,1.1598,1.16178,83507.16,19.800000000000928,165.34417680000774,60,CLOSED_WIN
T000259,CS.D.GBPUSD.MINI.IP,BULL,2025-06-12 10:05:00,2025-06-12 12:35:00,1.3576400000000002,1.361159190817572,57961.63,35.191908175717934,203.97803606749378,150,CLOSED_WIN
T000265,CS.D.EURUSD.MINI.IP,BULL,2025-06-12 12:30:00,2025-06-12 12:35:00,1.1621499999999998,1.16225,85711.75,1.0000000000021103,8.571175000018089,5,CLOSED_WIN
T000261,CS.D.GBPUSD.MINI.IP,BULL,2025-06-12 10:25:00,2025-06-12 12:40:00,1.3583100000000001,1.36182,59920.67,35.09999999999902,210.32155169999416,135,CLOSED_WIN
T000262,CS.D.GBPUSD.MINI.IP,BULL,2025-06-12 10:45:00,2025-06-12 12:40:00,1.35829,1.3618231852561518,59920.67,35.33185256151761,211.71082778273515,115,CLOSED_WIN
T000264,CS.D.GBPUSD.MINI.IP,BULL,2025-06-12 11:50:00,2025-06-12 13:05:00,1.3586600000000002,1.3620018898265542,64236.28,33.41889826554034,214.67057062767637,75,CLOSED_WIN
T000266,CS.D.EURUSD.MINI.IP,BULL,2025-06-12 13:00:00,2025-06-12 13:15:00,1.1614099999999998,1.1599099999999998,94172.84,-15.000000000000568,-141.25926000000536,15,CLOSED_LOSS
T000268,CS.D.GBPUSD.MINI.IP,BULL,2025-06-12 13:40:00,2025-06-12 13:50:00,1.3610600000000002,1.3591100000000003,73193.58,-19.499999999998963,-142.72748099999242,10,CLOSED_LOSS
T000267,CS.D.USDJPY.MINI.IP,BEAR,2025-06-12 13:30:00,2025-06-12 14:00:00,143.373,143.523,951.52,-15.000000000000568,-142.7280000000054,30,CLOSED_LOSS
T000269,CS.D.GBPUSD.MINI.IP,BULL,2025-06-12 14:05:00,2025-06-12 15:10:00,1.36046,1.35851,70265.83,-19.499999999998963,-137.01836849999273,65,CLOSED_LOSS
T000270,CS.D.GBPUSD.MINI.IP,BULL,2025-06-12 14:35:00,2025-06-12 15:15:00,1.36026,1.3583100000000001,70265.83,-19.499999999998963,-137.01836849999273,40,CLOSED_LOSS
T000271,CS.D.USDJPY.MINI.IP,BEAR,2025-06-12 16:40:00,2025-06-12 22:15:00,143.634,143.38914539298926,876.92,24.48546070107227,214.71790197984294,335,CLOSED_WIN
T000272,CS.D.USDJPY.MINI.IP,BEAR,2025-06-12 16:50:00,2025-06-12 22:15:00,143.639,143.39518314654964,876.92,24.381685345036885,213.80787512769746,325,CLOSED_WIN
T000275,CS.D.USDJPY.MINI.IP,BEAR,2025-06-12 18:40:00,2025-06-12 23:40:00,143.526,143.24475,876.92,28.125,246.63375,300,CLOSED_WIN
T000273,CS.D.GBPUSD.MINI.IP,BULL,2025-06-12 18:10:00,2025-06-12 23:50:00,1.3593300000000001,1.3623431172508447,67455.2,30.131172508445214,203.25042677916736,340,CLOSED_WIN
T000274,CS.D.GBPUSD.MINI.IP,BULL,2025-06-12 18:40:00,2025-06-12 23:55:00,1.3594700000000002,1.3625915584204595,67455.2,31.215584204593583,210.5653475637701,315,CLOSED_WIN
T000277,CS.D.USDJPY.MINI.IP,BEAR,2025-06-12 22:35:00,2025-06-12 23:55:00,143.443,143.14685668886247,934.05,29.614331113754133,276.6126597680205,80,CLOSED_WIN
T000276,CS.D.EURUSD.MINI.IP,BULL,2025-06-12 22:35:00,2025-06-13 00:10:00,1.15892,1.15742,93405.43,-15.000000000000568,-140.10814500000532,95,CLOSED_LOSS
T000278,CS.D.USDJPY.MINI.IP,BEAR,2025-06-13 00:50:00,2025-06-13 01:05:00,142.977,143.127,1040.31,-15.000000000000568,-156.04650000000592,15,CLOSED_LOSS
T000279,CS.D.USDJPY.MINI.IP,BEAR,2025-06-13 01:00:00,2025-06-13 01:20:00,143.005,143.155,1040.31,-15.000000000000568,-156.04650000000592,20,CLOSED_LOSS
T000280,CS.D.USDJPY.MINI.IP,BEAR,2025-06-13 01:10:00,2025-06-13 01:20:00,143.024,143.174,1019.51,-15.000000000000568,-152.9265000000058,10,CLOSED_LOSS
T000281,CS.D.GBPUSD.MINI.IP,BEAR,2025-06-16 04:00:00,2025-06-16 05:10:00,1.35395,1.3558999999999999,75254.79,-19.499999999998963,-146.7468404999922,70,CLOSED_LOSS
T000283,CS.D.USDJPY.MINI.IP,BULL,2025-06-16 04:40:00,2025-06-16 05:10:00,144.34199999999998,144.19199999999998,978.31,-15.000000000000568,-146.74650000000554,30,CLOSED_LOSS
T000282,CS.D.EURUSD.MINI.IP,BEAR,2025-06-16 04:35:00,2025-06-16 05:15:00,1.15351,1.15501,97831.23,-15.000000000000568,-146.74684500000555,40,CLOSED_LOSS
T000285,CS.D.EURUSD.MINI.IP,BULL,2025-06-16 06:35:00,2025-06-16 07:20:00,1.15532,1.1579652317491849,91961.36,26.45231749184962,243.25910917022802,45,CLOSED_WIN
T000286,CS.D.USDJPY.MINI.IP,BULL,2025-06-16 08:00:00,2025-06-16 10:00:00,144.238,144.088,952.05,-15.000000000000568,-142.8075000000054,120,CLOSED_LOSS
T000284,CS.D.GBPUSD.MINI.IP,BULL,2025-06-16 06:30:00,2025-06-16 13:20:00,1.35688,1.3602811903460765,70739.51,34.01190346076444,240.59853849817804,410,CLOSED_WIN
T000290,CS.D.GBPUSD.MINI.IP,BULL,2025-06-16 11:05:00,2025-06-16 14:00:00,1.35854,1.361471753253073,71769.78,29.31753253072822,210.41128598732075,175,CLOSED_WIN
T000287,CS.D.EURUSD.MINI.IP,BULL,2025-06-16 08:10:00,2025-06-16 14:05:00,1.1580899999999998,1.1609025,95204.81,28.125000000001066,267.76352812501017,355,CLOSED_WIN
T000288,CS.D.GBPUSD.MINI.IP,BULL,2025-06-16 08:20:00,2025-06-16 14:05:00,1.3584200000000002,1.3617087019728684,73234.47,32.887019728682354,240.84634597095962,345,CLOSED_WIN
T000289,CS.D.EURUSD.MINI.IP,BULL,2025-06-16 08:25:00,2025-06-16 14:05:00,1.15807,1.1608825,95204.81,28.125000000001066,267.76352812501017,340,CLOSED_WIN
T000292,CS.D.GBPUSD.MINI.IP,BULL,2025-06-16 14:25:00,2025-06-16 14:55:00,1.36138,1.3594300000000001,84358.33,-19.499999999998963,-164.49874349999126,30,CLOSED_LOSS
T000291,CS.D.EURUSD.MINI.IP,BULL,2025-06-16 13:55:00,2025-06-16 15:10:00,1.1602299999999999,1.1587299999999998,96508.69,-15.000000000000568,-144.7630350000055,75,CLOSED_LOSS
T000293,CS.D.USDJPY.MINI.IP,BULL,2025-06-16 16:50:00,2025-06-16 18:20:00,144.189,144.47025,1055.42,28.125,296.836875,90,CLOSED_WIN
T000296,CS.D.USDJPY.MINI.IP,BULL,2025-06-16 20:30:00,2025-06-16 22:35:00,144.786,144.636,1095.0,-15.000000000000568,-164.25000000000625,125,CLOSED_LOSS
T000294,CS.D.GBPUSD.MINI.IP,BEAR,2025-06-16 20:10:00,2025-06-17 04:15:00,1.35779,1.35777,84230.89,0.20000000000131024,1.6846178000110366,485,CLOSED_BE
T000295,CS.D.GBPUSD.MINI.IP,BEAR,2025-06-16 20:30:00,2025-06-17 04:35:00,1.35795,1.35768,84230.89,2.6999999999999247,22.74234029999937,485,CLOSED_BE
T000297,CS.D.EURUSD.MINI.IP,BEAR,2025-06-16 20:35:00,2025-06-17 04:40:00,1.15598,1.15652,109500.16,-5.399999999999849,-59.13008639999836,485,CLOSED_BE
T000298,CS.D.EURUSD.MINI.IP,BEAR,2025-06-16 20:55:00,2025-06-17 05:00:00,1.15579,1.15614,109500.16,-3.4999999999985043,-38.325055999983626,485,CLOSED_BE
T000300,CS.D.USDJPY.MINI.IP,BULL,2025-06-17 06:25:00,2025-06-17 06:35:00,144.731,144.581,1063.36,-15.000000000000568,-159.50400000000604,10,CLOSED_LOSS
T000301,CS.D.USDJPY.MINI.IP,BULL,2025-06-17 06:40:00,2025-06-17 07:00:00,144.756,145.0188487804878,1042.1,26.284878048778637,273.9147141463222,20,CLOSED_WIN
T000299,CS.D.EURUSD.MINI.IP,BEAR,2025-06-16 23:20:00,2025-06-17 07:25:00,1.15573,1.15552,107310.16,2.0999999999982144,22.53513359998084,485,CLOSED_BE
T000303,CS.D.USDJPY.MINI.IP,BULL,2025-06-17 07:30:00,2025-06-17 07:40:00,144.803,144.653,1081.62,-15.000000000000568,-162.24300000000613,10,CLOSED_LOSS
T000304,CS.D.EURUSD.MINI.IP,BEAR,2025-06-17 08:00:00,2025-06-17 11:00:00,1.15554,1.15704,105999.15,-15.000000000000568,-158.998725000006,180,CLOSED_LOSS
T000307,CS.D.EURUSD.MINI.IP,BEAR,2025-06-17 08:30:00,2025-06-17 11:00:00,1.15548,1.1569800000000001,105999.15,-15.000000000000568,-158.998725000006,150,CLOSED_LOSS
T000309,CS.D.USDJPY.MINI.IP,BEAR,2025-06-17 12:20:00,2025-06-17 12:40:00,144.626,144.776,1017.59,-15.000000000000568,-152.6385000000058,20,CLOSED_LOSS
T000308,CS.D.EURUSD.MINI.IP,BULL,2025-06-17 12:00:00,2025-06-17 12:50:00,1.1565999999999999,1.1550999999999998,101759.19,-15.000000000000568,-152.63878500000578,50,CLOSED_LOSS
T000302,CS.D.GBPUSD.MINI.IP,BEAR,2025-06-17 06:50:00,2025-06-17 14:15:00,1.35651,1.353337487286504,80161.33,31.725127134960562,254.31283855575282,445,CLOSED_WIN
T000305,CS.D.GBPUSD.MINI.IP,BEAR,2025-06-17 08:00:00,2025-06-17 14:15:00,1.3563,1.352953014832922,81537.81,33.469851670779875,272.90584062602323,375,CLOSED_WIN
T000306,CS.D.GBPUSD.MINI.IP,BEAR,2025-06-17 08:20:00,2025-06-17 14:15:00,1.35632,1.3532441641395847,81537.81,30.758358604152658,250.79691997772647,355,CLOSED_WIN
T000311,CS.D.EURUSD.MINI.IP,BEAR,2025-06-17 15:20:00,2025-06-17 15:25:00,1.15243,1.1521408571428573,108062.36,2.8914285714276566,31.245459519990114,5,CLOSED_WIN
T000313,CS.D.USDJPY.MINI.IP,BULL,2025-06-17 15:50:00,2025-06-17 16:10:00,145.1,144.95,1084.79,-15.000000000000568,-162.71850000000615,20,CLOSED_LOSS
T000310,CS.D.GBPUSD.MINI.IP,BEAR,2025-06-17 15:15:00,2025-06-17 16:45:00,1.35122,1.3480359090909093,83124.9,31.840909090907754,264.6772384090798,90,CLOSED_WIN
T000312,CS.D.GBPUSD.MINI.IP,BEAR,2025-06-17 15:45:00,2025-06-17 16:45:00,1.35085,1.3473699090909093,83445.36,34.80090909090849,290.3974387418132,60,CLOSED_WIN
T000314,CS.D.GBPUSD.MINI.IP,BEAR,2025-06-17 16:05:00,2025-06-17 16:45:00,1.35085,1.3473699090909093,83445.36,34.80090909090849,290.3974387418132,40,CLOSED_WIN
T000315,CS.D.GBPUSD.MINI.IP,BEAR,2025-06-17 16:15:00,2025-06-17 16:45:00,1.35083,1.347333909090909,81776.45,34.96090909090866,285.89790342272374,30,CLOSED_WIN
T000316,CS.D.EURUSD.MINI.IP,BEAR,2025-06-17 16:20:00,2025-06-17 16:50:00,1.15296,1.150443880037304,106309.39,25.16119962695962,267.48717840103046,30,CLOSED_WIN
T000318,CS.D.GBPUSD.MINI.IP,BEAR,2025-06-17 17:35:00,2025-06-17 18:55:00,1.34621,1.3427,96123.71,35.09999999999902,337.39422209999066,80,CLOSED_WIN
T000320,CS.D.USDJPY.MINI.IP,BULL,2025-06-17 18:45:00,2025-06-17 20:00:00,145.35,145.2,1249.61,-15.000000000000568,-187.44150000000707,75,CLOSED_LOSS
T000321,CS.D.GBPUSD.MINI.IP,BEAR,2025-06-17 19:50:00,2025-06-17 20:15:00,1.34259,1.3414409090909092,99584.16,11.490909090907664,114.43125294544035,25,CLOSED_WIN
T000322,CS.D.EURUSD.MINI.IP,BEAR,2025-06-17 20:00:00,2025-06-18 00:40:00,1.14788,1.14938,126960.19,-15.000000000000568,-190.44028500000724,280,CLOSED_LOSS
T000324,CS.D.EURUSD.MINI.IP,BEAR,2025-06-17 20:40:00,2025-06-18 00:40:00,1.1477,1.1492,128485.94,-15.000000000000568,-192.72891000000732,240,CLOSED_LOSS
T000317,CS.D.EURUSD.MINI.IP,BEAR,2025-06-17 17:35:00,2025-06-18 01:40:00,1.14962,1.14946,124960.82,1.6000000000016001,19.993731200019997,485,CLOSED_BE
T000319,CS.D.USDJPY.MINI.IP,BULL,2025-06-17 17:35:00,2025-06-18 01:40:00,145.212,145.295,1249.61,8.29999999999984,103.717629999998,485,CLOSED_BE
T000323,CS.D.GBPUSD.MINI.IP,BEAR,2025-06-17 20:30:00,2025-06-18 03:30:00,1.34234,1.34429,98835.34,-19.499999999998963,-192.72891299998977,420,CLOSED_LOSS
T000325,CS.D.USDJPY.MINI.IP,BEAR,2025-06-18 04:05:00,2025-06-18 04:20:00,145.063,145.05375121951218,1224.57,0.9248780487808972,11.325779121956232,15,CLOSED_WIN
T000327,CS.D.USDJPY.MINI.IP,BEAR,2025-06-18 05:00:00,2025-06-18 05:25:00,144.998,144.9367512195122,1226.08,6.124878048780147,75.09590478048362,25,CLOSED_WIN
T000328,CS.D.USDJPY.MINI.IP,BEAR,2025-06-18 05:10:00,2025-06-18 05:25:00,144.996,144.9331512195122,1226.08,6.284878048779774,77.05763278047905,15,CLOSED_WIN
T000329,CS.D.USDJPY.MINI.IP,BEAR,2025-06-18 06:20:00,2025-06-18 08:15:00,144.932,145.082,1246.37,-15.000000000000568,-186.95550000000708,115,CLOSED_LOSS
T000330,CS.D.USDJPY.MINI.IP,BEAR,2025-06-18 06:40:00,2025-06-18 08:15:00,144.947,145.097,1246.37,-15.000000000000568,-186.95550000000708,95,CLOSED_LOSS
T000332,CS.D.EURUSD.MINI.IP,BULL,2025-06-18 08:00:00,2025-06-18 08:35:00,1.15166,1.1501599999999998,124636.51,-15.000000000000568,-186.9547650000071,35,CLOSED_LOSS
T000331,CS.D.EURUSD.MINI.IP,BULL,2025-06-18 06:50:00,2025-06-18 09:55:00,1.15123,1.14973,124636.51,-15.000000000000568,-186.9547650000071,185,CLOSED_LOSS
T000326,CS.D.USDJPY.MINI.IP,BEAR,2025-06-18 04:15:00,2025-06-18 10:40:00,145.076,144.80030710323797,1224.57,27.569289676202402,337.60525058787175,385,CLOSED_WIN
T000334,CS.D.USDJPY.MINI.IP,BEAR,2025-06-19 00:50:00,2025-06-19 01:05:00,144.871,145.02100000000002,1191.67,-15.000000000000568,-178.75050000000678,15,CLOSED_LOSS
T000335,CS.D.GBPUSD.MINI.IP,BEAR,2025-06-19 01:00:00,2025-06-19 01:05:00,1.3405,1.3400280000000002,91666.9,4.719999999998059,43.2667767999822,5,CLOSED_WIN
T000336,CS.D.GBPUSD.MINI.IP,BEAR,2025-06-19 01:20:00,2025-06-19 01:55:00,1.34058,1.3401720000000004,90277.32,4.079999999997419,36.833146559976704,35,CLOSED_WIN
T000333,CS.D.EURUSD.MINI.IP,BEAR,2025-06-19 00:15:00,2025-06-19 06:30:00,1.14749,1.1446342063940445,119166.97,28.55793605955448,340.3162709670847,375,CLOSED_WIN
T000337,CS.D.EURUSD.MINI.IP,BEAR,2025-06-19 03:20:00,2025-06-19 07:20:00,1.14545,1.1469500000000001,117851.63,-15.000000000000568,-176.7774450000067,240,CLOSED_LOSS
T000338,CS.D.USDJPY.MINI.IP,BULL,2025-06-19 06:00:00,2025-06-19 10:10:00,145.202,145.51231217926787,1178.52,31.03121792678678,365.7091095107676,250,CLOSED_WIN
T000342,CS.D.GBPUSD.MINI.IP,BULL,2025-06-19 09:20:00,2025-06-19 10:20:00,1.3423800000000001,1.3438170909090907,92332.42,14.370909090906103,132.69008139633607,60,CLOSED_WIN
T000339,CS.D.USDJPY.MINI.IP,BULL,2025-06-19 07:35:00,2025-06-19 10:45:00,145.337,145.6290667125172,1200.32,29.20667125171974,350.5735163686424,190,CLOSED_WIN
T000340,CS.D.USDJPY.MINI.IP,BULL,2025-06-19 07:50:00,2025-06-19 10:45:00,145.337,145.62292756183746,1200.32,28.592756183746815,343.2045710247498,175,CLOSED_WIN
T000341,CS.D.USDJPY.MINI.IP,BULL,2025-06-19 08:30:00,2025-06-19 10:45:00,145.369,145.6338946186674,1200.32,26.489461866739816,317.9583086788514,135,CLOSED_WIN
T000343,CS.D.USDJPY.MINI.IP,BULL,2025-06-19 10:25:00,2025-06-19 10:50:00,145.446,145.706,1266.77,25.99999999999909,329.3601999999885,25,CLOSED_WIN
T000344,CS.D.GBPUSD.MINI.IP,BULL,2025-06-19 10:40:00,2025-06-19 11:00:00,1.3434700000000002,1.3415200000000003,97444.21,-19.499999999998963,-190.0162094999899,20,CLOSED_LOSS
T000345,CS.D.USDJPY.MINI.IP,BULL,2025-06-19 11:35:00,2025-06-19 12:45:00,145.688,145.53799999999998,1420.25,-15.000000000000568,-213.0375000000081,70,CLOSED_LOSS
T000349,CS.D.USDJPY.MINI.IP,BULL,2025-06-19 12:20:00,2025-06-19 12:45:00,145.702,145.552,1420.25,-15.000000000000568,-213.0375000000081,25,CLOSED_LOSS
T000346,CS.D.USDJPY.MINI.IP,BULL,2025-06-19 11:45:00,2025-06-19 12:50:00,145.665,145.515,1420.25,-15.000000000000568,-213.0375000000081,65,CLOSED_LOSS
T000348,CS.D.USDJPY.MINI.IP,BULL,2025-06-19 12:05:00,2025-06-19 12:50:00,145.678,145.528,1420.25,-15.000000000000568,-213.0375000000081,45,CLOSED_LOSS
T000347,CS.D.EURUSD.MINI.IP,BULL,2025-06-19 11:55:00,2025-06-19 14:25:00,1.1481999999999999,1.1466999999999998,142025.21,-15.000000000000568,-213.03781500000807,150,CLOSED_LOSS
T000351,CS.D.EURUSD.MINI.IP,BULL,2025-06-19 13:25:00,2025-06-19 14:30:00,1.14807,1.1465699999999999,130663.21,-15.000000000000568,-195.99481500000746,65,CLOSED_LOSS
T000352,CS.D.EURUSD.MINI.IP,BULL,2025-06-19 13:45:00,2025-06-19 14:30:00,1.148,1.1464999999999999,130663.21,-15.000000000000568,-195.99481500000746,45,CLOSED_LOSS
T000350,CS.D.EURUSD.MINI.IP,BULL,2025-06-19 13:05:00,2025-06-19 14:45:00,1.1479599999999999,1.1464599999999998,130663.21,-15.000000000000568,-195.99481500000746,100,CLOSED_LOSS
T000356,CS.D.EURUSD.MINI.IP,BEAR,2025-06-19 16:50:00,2025-06-19 17:40:00,1.1455,1.147,119982.91,-15.000000000000568,-179.97436500000683,50,CLOSED_LOSS
T000355,CS.D.EURUSD.MINI.IP,BEAR,2025-06-19 16:25:00,2025-06-19 17:45:00,1.14586,1.1473600000000002,119982.91,-15.000000000000568,-179.97436500000683,80,CLOSED_LOSS
T000354,CS.D.USDJPY.MINI.IP,BULL,2025-06-19 16:00:00,2025-06-19 17:50:00,145.67399999999998,145.52399999999997,1199.83,-15.000000000000568,-179.97450000000683,110,CLOSED_LOSS
T000353,CS.D.EURUSD.MINI.IP,BEAR,2025-06-19 15:05:00,2025-06-19 18:05:00,1.14685,1.14835,119982.91,-15.000000000000568,-179.97436500000683,180,CLOSED_LOSS
T000357,CS.D.USDJPY.MINI.IP,BEAR,2025-06-20 00:10:00,2025-06-20 01:40:00,145.206,145.356,1103.84,-15.000000000000568,-165.57600000000627,90,CLOSED_LOSS
T000359,CS.D.EURUSD.MINI.IP,BULL,2025-06-20 00:35:00,2025-06-20 03:40:00,1.1513399999999998,1.1525971428571427,110384.28,12.571428571428456,138.76880914285587,185,CLOSED_WIN
T000361,CS.D.EURUSD.MINI.IP,BULL,2025-06-20 01:15:00,2025-06-20 03:45:00,1.1521,1.1527491428571426,110384.28,6.491428571426816,71.65516690283776,150,CLOSED_WIN
T000362,CS.D.EURUSD.MINI.IP,BULL,2025-06-20 01:45:00,2025-06-20 03:45:00,1.152,1.1527291428571427,108176.6,7.291428571427616,78.87619519998968,120,CLOSED_WIN
T000358,CS.D.USDJPY.MINI.IP,BEAR,2025-06-20 00:30:00,2025-06-20 05:20:00,145.252,145.40200000000002,1103.84,-15.000000000000568,-165.57600000000627,290,CLOSED_LOSS
T000360,CS.D.USDJPY.MINI.IP,BEAR,2025-06-20 01:10:00,2025-06-20 05:20:00,145.251,145.401,1103.84,-15.000000000000568,-165.57600000000627,250,CLOSED_LOSS
T000363,CS.D.GBPUSD.MINI.IP,BULL,2025-06-20 04:05:00,2025-06-20 06:00:00,1.3499700000000001,1.3480200000000002,86179.95,-19.499999999998963,-168.05090249999108,115,CLOSED_LOSS
T000366,CS.D.GBPUSD.MINI.IP,BULL,2025-06-20 05:50:00,2025-06-20 06:05:00,1.34986,1.3479100000000002,82783.52,-19.499999999998963,-161.42786399999142,15,CLOSED_LOSS
T000364,CS.D.GBPUSD.MINI.IP,BULL,2025-06-20 04:50:00,2025-06-20 06:30:00,1.34976,1.3478100000000002,86179.95,-19.499999999998963,-168.05090249999108,100,CLOSED_LOSS
T000365,CS.D.GBPUSD.MINI.IP,BULL,2025-06-20 05:00:00,2025-06-20 06:30:00,1.3497400000000002,1.3477900000000003,86179.95,-19.499999999998963,-168.05090249999108,90,CLOSED_LOSS
T000368,CS.D.USDJPY.MINI.IP,BULL,2025-06-22 20:00:00,2025-06-22 20:20:00,146.154,146.2652,987.44,11.119999999999663,109.8033279999967,20,CLOSED_WIN
T000367,CS.D.EURUSD.MINI.IP,BEAR,2025-06-22 20:00:00,2025-06-22 22:00:00,1.14646,1.14796,98744.16,-15.000000000000568,-148.1162400000056,120,CLOSED_LOSS
T000369,CS.D.EURUSD.MINI.IP,BEAR,2025-06-22 21:35:00,2025-06-22 22:00:00,1.1465,1.1480000000000001,100208.21,-15.000000000000568,-150.31231500000573,25,CLOSED_LOSS
T000370,CS.D.USDJPY.MINI.IP,BULL,2025-06-23 00:45:00,2025-06-23 01:25:00,146.44199999999998,146.68919999999997,962.29,24.71999999999923,237.8780879999926,40,CLOSED_WIN
T000371,CS.D.EURUSD.MINI.IP,BEAR,2025-06-23 01:05:00,2025-06-23 02:00:00,1.14836,1.14986,96229.16,-15.000000000000568,-144.34374000000548,55,CLOSED_LOSS
T000372,CS.D.GBPUSD.MINI.IP,BEAR,2025-06-23 01:05:00,2025-06-23 02:30:00,1.3416,1.3435499999999998,74022.43,-19.499999999998963,-144.3437384999923,85,CLOSED_LOSS
T000373,CS.D.USDJPY.MINI.IP,BULL,2025-06-23 03:10:00,2025-06-23 03:25:00,146.57899999999998,146.71659999999997,955.52,13.759999999999195,131.4795519999923,15,CLOSED_WIN
T000374,CS.D.USDJPY.MINI.IP,BULL,2025-06-23 03:50:00,2025-06-23 04:00:00,146.679,146.73659999999998,973.05,5.7599999999979445,56.04767999998,10,CLOSED_WIN
T000375,CS.D.EURUSD.MINI.IP,BEAR,2025-06-23 04:20:00,2025-06-23 05:30:00,1.14899,1.15049,98052.07,-15.000000000000568,-147.0781050000056,70,CLOSED_LOSS
T000377,CS.D.EURUSD.MINI.IP,BEAR,2025-06-23 04:35:00,2025-06-23 05:40:00,1.14916,1.15066,98052.07,-15.000000000000568,-147.0781050000056,65,CLOSED_LOSS
T000376,CS.D.GBPUSD.MINI.IP,BEAR,2025-06-23 04:20:00,2025-06-23 06:00:00,1.34149,1.34344,75424.67,-19.499999999998963,-147.07810649999217,100,CLOSED_LOSS
T000379,CS.D.EURUSD.MINI.IP,BULL,2025-06-23 06:20:00,2025-06-23 07:15:00,1.15096,1.14946,92168.94,-15.000000000000568,-138.25341000000523,55,CLOSED_LOSS
T000380,CS.D.EURUSD.MINI.IP,BULL,2025-06-23 06:35:00,2025-06-23 07:15:00,1.1512799999999999,1.1497799999999998,92168.94,-15.000000000000568,-138.25341000000523,40,CLOSED_LOSS
T000381,CS.D.EURUSD.MINI.IP,BULL,2025-06-23 06:45:00,2025-06-23 07:15:00,1.1510699999999998,1.1495699999999998,92168.94,-15.000000000000568,-138.25341000000523,30,CLOSED_LOSS
T000378,CS.D.USDJPY.MINI.IP,BULL,2025-06-23 06:05:00,2025-06-23 08:05:00,147.161,147.4532112399089,921.69,29.221123990890874,269.3281777116421,120,CLOSED_WIN
T000382,CS.D.GBPUSD.MINI.IP,BULL,2025-06-23 08:30:00,2025-06-23 08:50:00,1.34393,1.3419800000000002,69407.58,-19.499999999998963,-135.34478099999282,20,CLOSED_LOSS
T000383,CS.D.GBPUSD.MINI.IP,BEAR,2025-06-23 08:40:00,2025-06-23 08:50:00,1.34301,1.3421969090909094,69407.58,8.130909090906524,56.43467231998219,10,CLOSED_WIN
T000384,CS.D.USDJPY.MINI.IP,BEAR,2025-06-24 00:00:00,2025-06-24 00:40:00,145.797,145.63726666666665,891.78,15.97333333333495,142.4469920000144,40,CLOSED_WIN
T000388,CS.D.USDJPY.MINI.IP,BEAR,2025-06-24 00:30:00,2025-06-24 00:40:00,145.679,145.6134,891.78,6.559999999998922,58.50076799999039,10,CLOSED_WIN
T000385,CS.D.USDJPY.MINI.IP,BEAR,2025-06-24 00:10:00,2025-06-24 00:45:00,145.764,145.5778666666667,891.78,18.61333333333164,165.98998399998487,35,CLOSED_WIN
T000387,CS.D.GBPUSD.MINI.IP,BULL,2025-06-24 00:30:00,2025-06-24 00:45:00,1.3546900000000002,1.355218090909091,68598.24,5.280909090907837,36.22610692362777,15,CLOSED_WIN
T000389,CS.D.GBPUSD.MINI.IP,BULL,2025-06-24 00:50:00,2025-06-24 01:10:00,1.3548200000000001,1.355244090909091,72733.25,4.2409090909090175,30.845510113635832,20,CLOSED_WIN
T000393,CS.D.USDJPY.MINI.IP,BEAR,2025-06-24 01:50:00,2025-06-24 02:30:00,145.63,145.52519999999998,949.65,10.480000000001155,99.52332000001095,40,CLOSED_WIN
T000392,CS.D.GBPUSD.MINI.IP,BULL,2025-06-24 01:25:00,2025-06-24 02:35:00,1.35504,1.355288090909091,73049.62,2.4809090909094778,18.12294663454828,70,CLOSED_WIN
T000386,CS.D.EURUSD.MINI.IP,BULL,2025-06-24 00:30:00,2025-06-24 06:15:00,1.16007,1.161834,89177.71,17.640000000000988,157.30948044000885,345,CLOSED_WIN
T000390,CS.D.EURUSD.MINI.IP,BULL,2025-06-24 00:55:00,2025-06-24 06:15:00,1.16,1.1618199999999999,94553.23,18.199999999999328,172.08687859999364,320,CLOSED_WIN
T000391,CS.D.EURUSD.MINI.IP,BULL,2025-06-24 01:05:00,2025-06-24 06:15:00,1.1600899999999998,1.161838,94553.23,17.480000000000828,165.27904604000784,310,CLOSED_WIN
T000394,CS.D.EURUSD.MINI.IP,BULL,2025-06-24 03:45:00,2025-06-24 06:20:00,1.16065,1.16195,96533.12,13.000000000000789,125.49305600000761,155,CLOSED_WIN
T000395,CS.D.EURUSD.MINI.IP,BULL,2025-06-24 04:15:00,2025-06-24 06:20:00,1.1605699999999999,1.161934,96533.12,13.640000000001429,131.6711756800138,125,CLOSED_WIN
T000396,CS.D.EURUSD.MINI.IP,BULL,2025-06-24 06:15:00,2025-06-24 06:20:00,1.1615099999999998,1.1621219999999999,103128.79,6.120000000000569,63.11481948000588,5,CLOSED_WIN
T000397,CS.D.EURUSD.MINI.IP,BULL,2025-06-24 06:40:00,2025-06-24 07:30:00,1.16113,1.15963,107399.18,-15.000000000000568,-161.09877000000608,50,CLOSED_LOSS
T000398,CS.D.USDJPY.MINI.IP,BEAR,2025-06-24 07:00:00,2025-06-24 07:30:00,145.076,145.226,1073.99,-15.000000000000568,-161.0985000000061,30,CLOSED_LOSS
T000399,CS.D.GBPUSD.MINI.IP,BULL,2025-06-24 07:10:00,2025-06-24 07:30:00,1.35844,1.3564900000000002,82614.75,-19.499999999998963,-161.09876249999144,20,CLOSED_LOSS
T000400,CS.D.GBPUSD.MINI.IP,BULL,2025-06-24 07:25:00,2025-06-24 07:30:00,1.3584100000000001,1.3564600000000002,82614.75,-19.499999999998963,-161.09876249999144,5,CLOSED_LOSS
T000401,CS.D.USDJPY.MINI.IP,BEAR,2025-06-24 09:00:00,2025-06-24 09:40:00,145.055,145.0393512195122,988.07,1.5648780487794056,15.462090536574674,40,CLOSED_WIN
T000406,CS.D.USDJPY.MINI.IP,BEAR,2025-06-24 10:30:00,2025-06-24 11:15:00,145.025,144.9853512195122,990.13,3.9648780487794966,39.25744702438043,45,CLOSED_WIN
T000407,CS.D.EURUSD.MINI.IP,BULL,2025-06-24 11:55:00,2025-06-24 12:30:00,1.16092,1.15942,99536.84,-15.000000000000568,-149.30526000000566,35,CLOSED_LOSS
T000408,CS.D.USDJPY.MINI.IP,BEAR,2025-06-24 12:55:00,2025-06-24 13:00:00,144.987,144.91695121951219,975.46,7.004878048780938,68.32978341463854,5,CLOSED_WIN
T000404,CS.D.GBPUSD.MINI.IP,BULL,2025-06-24 10:00:00,2025-06-24 13:15:00,1.36125,1.3593000000000002,76164.16,-19.499999999998963,-148.5201119999921,195,CLOSED_LOSS
T000402,CS.D.USDJPY.MINI.IP,BEAR,2025-06-24 09:20:00,2025-06-24 14:05:00,145.079,144.8135171488388,988.07,26.54828511612095,262.31564074685633,285,CLOSED_WIN
T000403,CS.D.USDJPY.MINI.IP,BEAR,2025-06-24 09:35:00,2025-06-24 14:05:00,145.086,144.8313873622437,988.07,25.461263775630982,251.57510898787706,270,CLOSED_WIN
T000405,CS.D.GBPUSD.MINI.IP,BULL,2025-06-24 10:25:00,2025-06-24 14:25:00,1.36101,1.36452,76164.16,35.09999999999902,267.3362015999926,240,CLOSED_WIN
T000411,CS.D.USDJPY.MINI.IP,BEAR,2025-06-24 15:15:00,2025-06-24 15:30:00,144.612,144.762,1068.93,-15.000000000000568,-160.3395000000061,15,CLOSED_LOSS
T000409,CS.D.EURUSD.MINI.IP,BULL,2025-06-24 15:00:00,2025-06-24 15:55:00,1.1625699999999999,1.1610699999999998,106893.26,-15.000000000000568,-160.33989000000608,55,CLOSED_LOSS
T000413,CS.D.EURUSD.MINI.IP,BULL,2025-06-24 18:05:00,2025-06-24 19:55:00,1.1627599999999998,1.1612599999999997,102617.54,-15.000000000000568,-153.92631000000583,110,CLOSED_LOSS
T000414,CS.D.USDJPY.MINI.IP,BEAR,2025-06-24 18:05:00,2025-06-24 20:10:00,144.687,144.83700000000002,1026.18,-15.000000000000568,-153.92700000000585,125,CLOSED_LOSS
T000415,CS.D.USDJPY.MINI.IP,BEAR,2025-06-24 18:35:00,2025-06-24 20:10:00,144.696,144.846,1026.18,-15.000000000000568,-153.92700000000585,95,CLOSED_LOSS
T000410,CS.D.GBPUSD.MINI.IP,BULL,2025-06-24 15:10:00,2025-06-24 23:15:00,1.36254,1.36149,82225.59,-10.499999999999954,-86.33686949999962,485,CLOSED_BE
T000418,CS.D.EURUSD.MINI.IP,BULL,2025-06-25 00:45:00,2025-06-25 00:50:00,1.16225,1.16227,95309.31,0.1999999999990898,1.906186199991325,5,CLOSED_WIN
T000412,CS.D.GBPUSD.MINI.IP,BULL,2025-06-24 16:50:00,2025-06-25 00:55:00,1.3624100000000001,1.3617,78936.57,-7.100000000002105,-56.04496470001662,485,CLOSED_BE
T000420,CS.D.EURUSD.MINI.IP,BULL,2025-06-25 01:35:00,2025-06-25 03:55:00,1.16262,1.16112,94587.46,-15.000000000000568,-141.8811900000054,140,CLOSED_LOSS
T000422,CS.D.USDJPY.MINI.IP,BULL,2025-06-25 05:45:00,2025-06-25 05:50:00,145.078,145.0832487804878,926.96,0.5248780487789872,4.865409560961701,5,CLOSED_WIN
T000423,CS.D.USDJPY.MINI.IP,BULL,2025-06-25 06:00:00,2025-06-25 06:05:00,145.07,145.0816487804878,927.61,1.1648780487803378,10.80552526829129,5,CLOSED_WIN
T000424,CS.D.EURUSD.MINI.IP,BULL,2025-06-25 06:10:00,2025-06-25 06:25:00,1.16184,1.162188,92904.65,3.4800000000001496,32.33081820000139,15,CLOSED_WIN
T000425,CS.D.GBPUSD.MINI.IP,BULL,2025-06-25 06:55:00,2025-06-25 07:50:00,1.36271,1.3607600000000002,71796.72,-19.499999999998963,-140.00360399999255,55,CLOSED_LOSS
T000416,CS.D.GBPUSD.MINI.IP,BULL,2025-06-25 00:00:00,2025-06-25 08:05:00,1.36185,1.36151,73314.85,-3.4000000000000696,-24.927049000000512,485,CLOSED_BE
T000417,CS.D.GBPUSD.MINI.IP,BULL,2025-06-25 00:20:00,2025-06-25 08:25:00,1.36179,1.36165,73314.85,-1.40000000000029,-10.264079000002127,485,CLOSED_BE
T000419,CS.D.GBPUSD.MINI.IP,BULL,2025-06-25 00:50:00,2025-06-25 08:55:00,1.36185,1.3621,73334.4,2.500000000000835,18.333600000006122,485,CLOSED_BE
T000426,CS.D.USDJPY.MINI.IP,BULL,2025-06-25 07:50:00,2025-06-25 09:10:00,145.325,145.61924805771363,914.69,29.424805771364504,269.145755910094,80,CLOSED_WIN
T000427,CS.D.USDJPY.MINI.IP,BULL,2025-06-25 08:05:00,2025-06-25 09:10:00,145.308,145.58925,911.37,28.125,256.3228125,65,CLOSED_WIN
T000421,CS.D.GBPUSD.MINI.IP,BULL,2025-06-25 01:35:00,2025-06-25 09:15:00,1.3625,1.3605500000000001,72759.58,-19.499999999998963,-141.88118099999247,460,CLOSED_LOSS
T000432,CS.D.USDJPY.MINI.IP,BULL,2025-06-25 10:25:00,2025-06-25 10:45:00,145.62199999999999,145.7412,963.59,11.920000000000641,114.85992800000619,20,CLOSED_WIN
T000430,CS.D.USDJPY.MINI.IP,BULL,2025-06-25 10:10:00,2025-06-25 11:20:00,145.665,145.7498,963.59,8.480000000000132,81.71243200000129,70,CLOSED_WIN
T000433,CS.D.USDJPY.MINI.IP,BULL,2025-06-25 11:05:00,2025-06-25 11:20:00,145.70999999999998,145.75879999999998,978.9,4.8799999999999955,47.770319999999955,15,CLOSED_WIN
T000435,CS.D.USDJPY.MINI.IP,BULL,2025-06-25 12:00:00,2025-06-25 14:05:00,145.79999999999998,145.64999999999998,996.17,-15.000000000000568,-149.42550000000566,125,CLOSED_LOSS
T000434,CS.D.GBPUSD.MINI.IP,BEAR,2025-06-25 11:20:00,2025-06-25 14:10:00,1.3607,1.36265,76628.19,-19.499999999998963,-149.42497049999207,170,CLOSED_LOSS
T000428,CS.D.GBPUSD.MINI.IP,BEAR,2025-06-25 10:00:00,2025-06-25 16:00:00,1.36075,1.3626999999999998,74122.11,-19.499999999998963,-144.5381144999923,360,CLOSED_LOSS
T000429,CS.D.GBPUSD.MINI.IP,BEAR,2025-06-25 10:10:00,2025-06-25 16:00:00,1.36096,1.3629099999999998,74122.11,-19.499999999998963,-144.5381144999923,350,CLOSED_LOSS
T000431,CS.D.GBPUSD.MINI.IP,BEAR,2025-06-25 10:20:00,2025-06-25 16:00:00,1.36078,1.36273,74122.11,-19.499999999998963,-144.5381144999923,340,CLOSED_LOSS
T000436,CS.D.GBPUSD.MINI.IP,BULL,2025-06-25 14:35:00,2025-06-25 18:30:00,1.3619,1.36541,73563.06,35.09999999999902,258.2063405999928,235,CLOSED_WIN
T000437,CS.D.GBPUSD.MINI.IP,BULL,2025-06-25 15:10:00,2025-06-25 18:35:00,1.36213,1.36564,73563.06,35.09999999999902,258.2063405999928,205,CLOSED_WIN
T000438,CS.D.EURUSD.MINI.IP,BULL,2025-06-25 16:00:00,2025-06-25 18:40:00,1.16295,1.1658078201130384,89850.45,28.578201130384784,256.77642317555814,160,CLOSED_WIN
T000440,CS.D.EURUSD.MINI.IP,BULL,2025-06-25 17:15:00,2025-06-25 18:40:00,1.1631399999999998,1.165865163780865,89850.45,27.251637808651807,244.85719203443787,85,CLOSED_WIN
T000439,CS.D.GBPUSD.MINI.IP,BULL,2025-06-25 17:05:00,2025-06-25 19:00:00,1.3640400000000001,1.3666,69115.73,25.599999999998957,176.93626879999277,115,CLOSED_WIN
T000442,CS.D.USDJPY.MINI.IP,BEAR,2025-06-25 19:40:00,2025-06-25 20:30:00,145.165,145.315,1057.84,-15.000000000000568,-158.676000000006,50,CLOSED_LOSS
T000443,CS.D.GBPUSD.MINI.IP,BULL,2025-06-25 20:00:00,2025-06-25 21:00:00,1.36683,1.36488,81371.96,-19.499999999998963,-158.67532199999158,60,CLOSED_LOSS
T000444,CS.D.GBPUSD.MINI.IP,BULL,2025-06-25 20:50:00,2025-06-25 23:00:00,1.3665100000000001,1.367094,79744.52,5.839999999999179,46.57079967999346,130,CLOSED_WIN
T000448,CS.D.USDJPY.MINI.IP,BEAR,2025-06-25 23:00:00,2025-06-25 23:05:00,145.054,145.0375512195122,1021.73,1.6448780487792192,16.806212487791917,5,CLOSED_WIN
T000445,CS.D.USDJPY.MINI.IP,BEAR,2025-06-25 22:20:00,2025-06-25 23:50:00,145.18,144.91185083364635,1015.52,26.814916635365194,272.31084141546063,90,CLOSED_WIN
T000446,CS.D.EURUSD.MINI.IP,BULL,2025-06-25 22:30:00,2025-06-25 23:50:00,1.1659199999999998,1.168352,101552.2,24.320000000002118,246.9749504000215,80,CLOSED_WIN
T000447,CS.D.USDJPY.MINI.IP,BEAR,2025-06-25 22:30:00,2025-06-25 23:50:00,145.198,144.92425637356894,1015.52,27.37436264310702,277.9921275132804,80,CLOSED_WIN
T000441,CS.D.EURUSD.MINI.IP,BULL,2025-06-25 19:40:00,2025-06-25 23:55:00,1.1662599999999999,1.16842,105783.55,21.600000000001618,228.4924680000171,255,CLOSED_WIN
T000449,CS.D.USDJPY.MINI.IP,BEAR,2025-06-26 01:40:00,2025-06-26 03:05:00,144.827,144.6289512195122,1160.74,19.80487804877953,229.8831414634035,85,CLOSED_WIN
T000452,CS.D.USDJPY.MINI.IP,BEAR,2025-06-26 02:50:00,2025-06-26 04:00:00,144.696,144.846,1160.74,-15.000000000000568,-174.1110000000066,70,CLOSED_LOSS
T000453,CS.D.USDJPY.MINI.IP,BEAR,2025-06-26 03:15:00,2025-06-26 04:00:00,144.67,144.82,1191.39,-15.000000000000568,-178.7085000000068,45,CLOSED_LOSS
T000450,CS.D.USDJPY.MINI.IP,BEAR,2025-06-26 02:20:00,2025-06-26 04:05:00,144.762,144.912,1160.74,-15.000000000000568,-174.1110000000066,105,CLOSED_LOSS
T000451,CS.D.USDJPY.MINI.IP,BEAR,2025-06-26 02:35:00,2025-06-26 04:05:00,144.738,144.888,1160.74,-15.000000000000568,-174.1110000000066,90,CLOSED_LOSS
T000454,CS.D.EURUSD.MINI.IP,BULL,2025-06-26 03:40:00,2025-06-26 04:45:00,1.16952,1.1680199999999998,119139.28,-15.000000000000568,-178.70892000000677,65,CLOSED_LOSS
